Instance Name,Machine Type,Region,Zone,OS Type,CPUs,Memory (GB),Disk Size (GB),Status,Team
instance-739,n1-standard-8,us-west1,asia-southeast1-a,windows-2019,2,2,89,STOPPED,team-M
instance-992,n1-standard-2,us-west1,europe-west1-b,ubuntu-1804,1,64,30,TERMINATED,team-P
instance-43,e2-standard-8,asia-southeast1,europe-west2-c,windows-2019,2,4,60,RUNNING,team-S
instance-517,n1-standard-1,europe-west1,asia-southeast1-a,centos-7,3,16,97,RUNNING,team-M
instance-757,e2-standard-8,europe-west1,us-central1-a,windows-2019,2,2,85,RUNNING,team-L
instance-770,e2-standard-2,asia-east1,europe-west1-b,ubuntu-1804,6,32,80,STOPPED,team-W
instance-604,e2-standard-8,us-west1,asia-southeast1-a,centos-7,3,4,90,RUNNING,team-Q
instance-693,n1-standard-8,us-west1,asia-southeast1-a,ubuntu-1804,4,32,48,STOPPED,team-Z
instance-539,n1-standard-8,asia-east1,europe-west2-c,centos-7,8,16,32,RUNNING,team-R
instance-976,e2-standard-2,us-east1,us-east1-c,ubuntu-1804,6,32,29,RUNNING,team-R
instance-967,e2-standard-8,europe-west2,us-west1-b,windows-2019,5,16,88,TERMINATED,team-R
instance-754,n1-standard-1,asia-southeast1,us-east1-c,ubuntu-1804,4,64,30,RUNNING,team-E
instance-323,e2-standard-4,us-west1,us-east1-c,ubuntu-1804,3,4,50,RUNNING,team-W
instance-76,e2-standard-4,us-west1,us-central1-a,windows-2019,1,16,70,STOPPED,team-T
instance-145,n1-standard-2,asia-southeast1,asia-southeast1-a,windows-2019,7,64,23,RUNNING,team-A
instance-797,e2-standard-2,asia-southeast1,europe-west2-c,centos-7,1,8,30,STOPPED,team-V
instance-991,n1-standard-1,us-east1,europe-west2-c,windows-2019,7,2,59,TERMINATED,team-V
instance-732,e2-standard-4,us-east1,europe-west2-c,windows-2019,2,2,60,RUNNING,team-U
instance-502,n1-standard-1,asia-southeast1,europe-west2-c,ubuntu-1804,3,4,88,TERMINATED,team-M
instance-769,n1-standard-4,us-east1,us-central1-a,ubuntu-1804,4,64,29,TERMINATED,team-L
instance-409,n1-standard-8,us-central1,asia-east1-b,ubuntu-1804,4,4,39,TERMINATED,team-Y
instance-92,n1-standard-4,us-west1,us-east1-c,windows-2019,5,4,44,RUNNING,team-T
instance-46,e2-standard-4,us-central1,us-central1-a,windows-2019,3,16,43,TERMINATED,team-W
instance-536,n1-standard-4,us-east1,europe-west2-c,ubuntu-1804,6,32,46,TERMINATED,team-X
instance-755,e2-standard-2,asia-southeast1,europe-west2-c,windows-2019,3,4,40,STOPPED,team-P
instance-27,n1-standard-2,us-central1,europe-west1-b,windows-2019,1,16,83,STOPPED,team-W
instance-77,n1-standard-1,asia-southeast1,europe-west1-b,centos-7,8,32,98,TERMINATED,team-C
instance-302,e2-standard-2,europe-west2,us-central1-a,centos-7,1,4,54,TERMINATED,team-L
instance-664,n1-standard-8,us-west1,asia-east1-b,centos-7,7,2,33,TERMINATED,team-F
instance-565,n1-standard-8,asia-east1,us-east1-c,windows-2019,2,16,93,STOPPED,team-P
instance-600,n1-standard-1,us-central1,us-east1-c,centos-7,1,8,53,STOPPED,team-J
instance-232,n1-standard-4,us-west1,europe-west1-b,centos-7,2,2,67,TERMINATED,team-F
instance-418,e2-standard-2,asia-southeast1,us-central1-a,windows-2019,8,64,74,RUNNING,team-O
instance-424,n1-standard-1,asia-east1,us-central1-a,windows-2019,3,8,54,TERMINATED,team-S
instance-1000,e2-standard-4,europe-west1,europe-west2-c,ubuntu-1804,2,8,57,STOPPED,team-X
instance-985,e2-standard-4,asia-southeast1,asia-southeast1-a,ubuntu-1804,4,8,41,STOPPED,team-V
instance-708,e2-standard-8,us-east1,europe-west1-b,centos-7,7,64,37,STOPPED,team-I
instance-711,n1-standard-8,us-central1,us-east1-c,centos-7,4,64,26,RUNNING,team-W
instance-595,e2-standard-4,europe-west1,europe-west1-b,centos-7,3,32,90,TERMINATED,team-Q
instance-1,e2-standard-2,us-west1,us-east1-c,centos-7,1,32,62,TERMINATED,team-I
instance-538,n1-standard-4,us-west1,europe-west1-b,windows-2019,5,2,72,TERMINATED,team-D
instance-396,n1-standard-4,us-central1,asia-southeast1-a,ubuntu-1804,2,16,61,STOPPED,team-N
instance-206,e2-standard-4,us-east1,us-east1-c,windows-2019,1,32,40,RUNNING,team-R
instance-278,n1-standard-4,asia-southeast1,europe-west1-b,centos-7,2,8,31,STOPPED,team-V
instance-382,n1-standard-4,us-west1,europe-west1-b,centos-7,1,8,51,TERMINATED,team-X
instance-225,n1-standard-2,asia-southeast1,us-east1-c,windows-2019,5,8,24,TERMINATED,team-L
instance-419,n1-standard-4,us-west1,asia-east1-b,centos-7,5,4,64,STOPPED,team-O
instance-222,e2-standard-4,us-east1,europe-west1-b,ubuntu-1804,5,4,49,RUNNING,team-L
instance-69,n1-standard-8,europe-west2,us-west1-b,windows-2019,8,4,37,RUNNING,team-K
instance-578,n1-standard-1,us-central1,europe-west1-b,ubuntu-1804,3,8,43,STOPPED,team-N
instance-576,e2-standard-4,asia-east1,europe-west1-b,ubuntu-1804,3,32,32,STOPPED,team-W
instance-628,n1-standard-2,us-east1,asia-east1-b,ubuntu-1804,1,8,69,STOPPED,team-F
instance-989,e2-standard-2,asia-east1,europe-west2-c,ubuntu-1804,3,32,40,TERMINATED,team-X
instance-949,n1-standard-2,us-west1,us-central1-a,centos-7,4,16,63,STOPPED,team-Z
instance-951,n1-standard-8,asia-southeast1,us-east1-c,ubuntu-1804,7,8,38,STOPPED,team-X
instance-817,e2-standard-4,europe-west1,europe-west2-c,ubuntu-1804,4,2,89,TERMINATED,team-Y
instance-87,e2-standard-8,asia-southeast1,us-east1-c,centos-7,1,64,65,TERMINATED,team-L
instance-783,n1-standard-4,us-west1,us-east1-c,centos-7,4,8,54,STOPPED,team-Z
instance-753,e2-standard-2,asia-east1,us-east1-c,centos-7,2,64,33,RUNNING,team-D
instance-786,n1-standard-4,us-central1,us-east1-c,windows-2019,7,32,97,STOPPED,team-L
instance-578,e2-standard-2,us-west1,asia-east1-b,windows-2019,5,64,61,TERMINATED,team-X
instance-832,e2-standard-8,us-central1,us-central1-a,centos-7,7,32,67,STOPPED,team-N
instance-668,e2-standard-8,europe-west1,europe-west1-b,ubuntu-1804,1,8,44,TERMINATED,team-Y
instance-159,n1-standard-2,europe-west1,asia-southeast1-a,windows-2019,8,2,39,STOPPED,team-J
instance-744,n1-standard-1,asia-east1,us-central1-a,ubuntu-1804,5,32,60,STOPPED,team-Y
instance-617,n1-standard-8,europe-west2,europe-west2-c,centos-7,7,32,26,STOPPED,team-D
instance-800,n1-standard-2,asia-southeast1,europe-west1-b,windows-2019,2,16,34,STOPPED,team-V
instance-512,n1-standard-4,us-central1,us-west1-b,ubuntu-1804,3,16,20,RUNNING,team-U
instance-302,n1-standard-8,us-east1,us-central1-a,windows-2019,1,64,52,TERMINATED,team-D
instance-197,e2-standard-8,europe-west2,asia-east1-b,centos-7,4,32,78,RUNNING,team-Z
instance-828,n1-standard-4,asia-east1,asia-southeast1-a,windows-2019,4,8,21,TERMINATED,team-H
instance-678,n1-standard-1,asia-southeast1,europe-west2-c,windows-2019,8,4,27,TERMINATED,team-G
instance-499,e2-standard-4,asia-southeast1,europe-west2-c,windows-2019,2,4,67,RUNNING,team-A
instance-735,n1-standard-2,europe-west2,us-east1-c,ubuntu-1804,5,16,57,TERMINATED,team-K
instance-601,e2-standard-2,asia-southeast1,asia-east1-b,ubuntu-1804,5,8,87,STOPPED,team-G
instance-778,n1-standard-8,europe-west1,us-east1-c,ubuntu-1804,1,32,67,STOPPED,team-Y
instance-153,n1-standard-8,asia-east1,asia-east1-b,ubuntu-1804,1,2,53,STOPPED,team-F
instance-969,n1-standard-1,asia-southeast1,us-east1-c,centos-7,4,16,67,TERMINATED,team-O
instance-374,n1-standard-2,us-east1,us-central1-a,ubuntu-1804,6,64,32,RUNNING,team-V
instance-236,n1-standard-4,asia-east1,us-west1-b,ubuntu-1804,1,8,89,RUNNING,team-R
instance-71,n1-standard-8,europe-west2,europe-west1-b,ubuntu-1804,3,64,51,STOPPED,team-U
instance-319,n1-standard-1,asia-east1,us-east1-c,windows-2019,5,32,48,TERMINATED,team-W
instance-331,e2-standard-8,asia-east1,us-east1-c,windows-2019,2,2,35,STOPPED,team-B
instance-525,e2-standard-4,us-east1,europe-west1-b,centos-7,5,32,46,TERMINATED,team-P
instance-194,n1-standard-2,us-central1,asia-southeast1-a,windows-2019,4,16,100,STOPPED,team-B
instance-817,n1-standard-2,asia-east1,us-east1-c,windows-2019,1,16,31,STOPPED,team-Q
instance-165,e2-standard-8,asia-southeast1,europe-west1-b,ubuntu-1804,2,32,33,STOPPED,team-G
instance-220,n1-standard-4,europe-west1,us-east1-c,windows-2019,7,2,79,TERMINATED,team-Y
instance-73,n1-standard-8,us-east1,us-east1-c,windows-2019,4,8,94,RUNNING,team-X
instance-240,n1-standard-8,asia-east1,us-west1-b,centos-7,2,2,59,STOPPED,team-J
instance-799,n1-standard-2,europe-west2,us-east1-c,centos-7,8,8,53,TERMINATED,team-O
instance-3,e2-standard-8,asia-east1,europe-west2-c,ubuntu-1804,6,32,89,STOPPED,team-O
instance-354,e2-standard-8,europe-west2,us-west1-b,ubuntu-1804,5,4,92,TERMINATED,team-W
instance-96,e2-standard-4,us-central1,asia-southeast1-a,centos-7,2,16,20,RUNNING,team-I
instance-102,e2-standard-8,us-central1,us-west1-b,centos-7,1,4,51,STOPPED,team-B
instance-368,e2-standard-2,us-central1,europe-west1-b,ubuntu-1804,2,8,62,RUNNING,team-W
instance-809,n1-standard-4,asia-east1,asia-east1-b,windows-2019,1,64,65,STOPPED,team-E
instance-882,e2-standard-8,us-central1,asia-southeast1-a,windows-2019,5,32,48,RUNNING,team-T
instance-431,n1-standard-4,asia-southeast1,us-west1-b,windows-2019,4,32,25,STOPPED,team-H
instance-754,n1-standard-2,us-central1,us-central1-a,windows-2019,2,64,36,RUNNING,team-J
instance-941,e2-standard-4,asia-southeast1,us-central1-a,ubuntu-1804,4,4,36,STOPPED,team-G
instance-388,e2-standard-8,us-west1,europe-west1-b,ubuntu-1804,3,16,65,STOPPED,team-K
instance-814,n1-standard-8,us-east1,asia-east1-b,centos-7,8,32,31,RUNNING,team-S
instance-64,n1-standard-4,asia-southeast1,us-east1-c,centos-7,4,64,82,STOPPED,team-B
instance-991,e2-standard-8,asia-southeast1,asia-east1-b,centos-7,4,16,52,STOPPED,team-M
instance-834,n1-standard-8,us-west1,europe-west2-c,centos-7,7,4,50,TERMINATED,team-R
instance-286,n1-standard-1,us-east1,us-east1-c,windows-2019,7,64,44,TERMINATED,team-F
instance-714,n1-standard-2,us-central1,asia-southeast1-a,centos-7,3,16,32,STOPPED,team-U
instance-366,n1-standard-2,europe-west1,us-east1-c,ubuntu-1804,5,16,88,RUNNING,team-Z
instance-449,n1-standard-8,europe-west2,us-west1-b,windows-2019,3,4,88,TERMINATED,team-R
instance-283,e2-standard-2,asia-southeast1,asia-east1-b,ubuntu-1804,6,2,92,TERMINATED,team-Y
instance-994,e2-standard-4,asia-east1,us-west1-b,centos-7,6,32,30,RUNNING,team-V
instance-660,n1-standard-2,us-east1,asia-east1-b,ubuntu-1804,2,16,27,RUNNING,team-T
instance-242,n1-standard-2,us-west1,asia-southeast1-a,centos-7,4,64,55,TERMINATED,team-A
instance-272,e2-standard-4,europe-west1,europe-west1-b,windows-2019,7,64,29,STOPPED,team-J
instance-207,n1-standard-2,europe-west1,us-west1-b,ubuntu-1804,8,16,49,TERMINATED,team-F
instance-92,e2-standard-2,europe-west1,us-west1-b,windows-2019,3,16,91,TERMINATED,team-L
instance-332,e2-standard-8,europe-west1,europe-west2-c,ubuntu-1804,7,8,99,RUNNING,team-N
instance-818,n1-standard-8,europe-west2,asia-southeast1-a,centos-7,7,8,49,TERMINATED,team-Q
instance-12,e2-standard-4,europe-west1,us-east1-c,ubuntu-1804,4,32,83,TERMINATED,team-U
instance-407,n1-standard-4,us-west1,europe-west1-b,ubuntu-1804,3,2,61,TERMINATED,team-R
instance-707,e2-standard-4,us-west1,asia-east1-b,centos-7,8,16,97,RUNNING,team-B
instance-78,n1-standard-1,europe-west2,asia-southeast1-a,ubuntu-1804,2,2,94,STOPPED,team-C
instance-430,n1-standard-8,asia-east1,us-west1-b,centos-7,1,16,96,RUNNING,team-U
instance-3,n1-standard-1,asia-east1,us-west1-b,windows-2019,6,32,82,RUNNING,team-H
instance-974,n1-standard-2,europe-west2,us-central1-a,centos-7,4,32,38,TERMINATED,team-F
instance-11,n1-standard-8,europe-west2,asia-east1-b,ubuntu-1804,7,16,78,TERMINATED,team-M
instance-419,e2-standard-2,europe-west1,europe-west2-c,ubuntu-1804,2,8,87,RUNNING,team-O
instance-582,n1-standard-8,us-central1,us-central1-a,centos-7,3,16,43,STOPPED,team-N
instance-150,e2-standard-4,europe-west2,asia-east1-b,windows-2019,3,16,20,STOPPED,team-S
instance-848,n1-standard-8,asia-east1,us-east1-c,centos-7,4,2,77,STOPPED,team-T
instance-224,e2-standard-8,asia-southeast1,us-east1-c,centos-7,1,16,21,STOPPED,team-Z
instance-78,n1-standard-1,us-west1,europe-west2-c,windows-2019,3,64,23,RUNNING,team-B
instance-194,e2-standard-2,europe-west2,europe-west2-c,ubuntu-1804,6,64,89,RUNNING,team-X
instance-965,n1-standard-1,us-east1,asia-southeast1-a,centos-7,5,4,73,RUNNING,team-C
instance-984,n1-standard-1,asia-east1,asia-southeast1-a,centos-7,7,4,71,TERMINATED,team-C
instance-413,n1-standard-8,asia-southeast1,europe-west2-c,ubuntu-1804,1,64,92,TERMINATED,team-C
instance-86,n1-standard-1,europe-west2,us-east1-c,ubuntu-1804,2,2,24,TERMINATED,team-V
instance-891,n1-standard-2,us-east1,asia-southeast1-a,centos-7,8,4,68,TERMINATED,team-F
instance-148,e2-standard-8,europe-west2,us-east1-c,centos-7,2,8,53,STOPPED,team-J
instance-326,n1-standard-4,europe-west1,us-west1-b,centos-7,1,32,38,STOPPED,team-T
instance-791,n1-standard-2,us-central1,europe-west2-c,centos-7,5,4,79,TERMINATED,team-I
instance-319,e2-standard-4,asia-southeast1,us-central1-a,windows-2019,3,2,83,RUNNING,team-G
instance-262,n1-standard-2,us-east1,us-east1-c,ubuntu-1804,4,2,24,TERMINATED,team-J
instance-113,n1-standard-2,europe-west2,us-central1-a,windows-2019,2,8,84,STOPPED,team-U
instance-178,n1-standard-4,europe-west1,us-central1-a,centos-7,6,8,54,TERMINATED,team-U
instance-921,e2-standard-4,europe-west1,asia-east1-b,centos-7,1,8,85,STOPPED,team-Q
instance-507,n1-standard-2,asia-east1,europe-west1-b,centos-7,8,64,55,TERMINATED,team-T
instance-253,n1-standard-1,us-central1,europe-west2-c,centos-7,6,64,74,TERMINATED,team-S
instance-961,n1-standard-1,us-east1,us-east1-c,ubuntu-1804,7,4,42,TERMINATED,team-K
instance-6,n1-standard-4,us-east1,europe-west2-c,windows-2019,5,4,28,RUNNING,team-G
instance-562,e2-standard-4,asia-east1,europe-west2-c,windows-2019,3,32,27,RUNNING,team-I
instance-302,n1-standard-1,asia-east1,europe-west1-b,windows-2019,2,16,85,TERMINATED,team-Y
instance-489,e2-standard-2,us-west1,us-central1-a,windows-2019,8,8,44,RUNNING,team-K
instance-147,n1-standard-4,us-west1,europe-west2-c,ubuntu-1804,2,8,45,TERMINATED,team-C
instance-271,n1-standard-8,us-central1,asia-east1-b,windows-2019,3,16,40,STOPPED,team-F
instance-882,n1-standard-1,us-central1,asia-east1-b,windows-2019,5,4,87,RUNNING,team-W
instance-803,n1-standard-2,us-central1,europe-west2-c,ubuntu-1804,8,2,66,TERMINATED,team-I
instance-476,n1-standard-2,us-east1,asia-east1-b,centos-7,2,16,82,TERMINATED,team-P
instance-96,n1-standard-8,europe-west2,asia-east1-b,windows-2019,3,32,50,RUNNING,team-A
instance-936,e2-standard-8,us-west1,europe-west2-c,windows-2019,8,4,80,STOPPED,team-J
instance-430,e2-standard-2,us-central1,us-central1-a,ubuntu-1804,4,8,30,STOPPED,team-T
instance-982,n1-standard-1,us-east1,us-east1-c,windows-2019,2,64,97,STOPPED,team-T
instance-47,e2-standard-8,asia-east1,europe-west1-b,windows-2019,1,64,34,STOPPED,team-E
instance-250,e2-standard-8,europe-west1,europe-west2-c,centos-7,2,8,36,RUNNING,team-X
instance-865,n1-standard-1,us-central1,europe-west2-c,ubuntu-1804,7,2,44,TERMINATED,team-Y
instance-254,e2-standard-4,us-west1,europe-west1-b,ubuntu-1804,6,16,57,STOPPED,team-M
instance-446,n1-standard-8,europe-west2,asia-east1-b,ubuntu-1804,6,4,40,STOPPED,team-C
instance-525,e2-standard-4,us-central1,us-west1-b,centos-7,3,2,36,RUNNING,team-N
instance-529,e2-standard-4,europe-west1,europe-west1-b,centos-7,3,4,21,STOPPED,team-E
instance-116,e2-standard-8,us-west1,us-west1-b,ubuntu-1804,4,32,84,TERMINATED,team-F
instance-911,n1-standard-4,us-central1,asia-southeast1-a,centos-7,2,16,61,TERMINATED,team-J
instance-319,e2-standard-8,asia-east1,us-west1-b,windows-2019,3,32,21,STOPPED,team-K
instance-318,n1-standard-8,asia-east1,asia-east1-b,windows-2019,7,16,99,STOPPED,team-F
instance-655,e2-standard-2,us-central1,asia-southeast1-a,ubuntu-1804,2,32,91,RUNNING,team-H
instance-411,n1-standard-8,asia-southeast1,asia-southeast1-a,windows-2019,1,2,39,RUNNING,team-O
instance-278,n1-standard-8,europe-west2,europe-west1-b,centos-7,7,8,34,STOPPED,team-B
instance-355,n1-standard-1,asia-southeast1,us-east1-c,ubuntu-1804,4,32,69,TERMINATED,team-B
instance-216,n1-standard-8,us-central1,europe-west1-b,ubuntu-1804,2,4,44,TERMINATED,team-Y
instance-115,e2-standard-8,us-west1,asia-southeast1-a,centos-7,8,8,74,RUNNING,team-Q
instance-52,e2-standard-2,europe-west1,asia-southeast1-a,ubuntu-1804,7,16,55,STOPPED,team-K
instance-850,e2-standard-8,us-central1,us-west1-b,centos-7,7,16,93,STOPPED,team-W
instance-817,n1-standard-2,us-west1,us-east1-c,windows-2019,2,2,60,STOPPED,team-I
instance-806,n1-standard-8,us-central1,asia-east1-b,centos-7,8,64,59,RUNNING,team-P
instance-157,n1-standard-1,asia-east1,us-east1-c,centos-7,8,16,36,TERMINATED,team-U
instance-709,e2-standard-8,us-east1,us-central1-a,windows-2019,4,64,48,RUNNING,team-D
instance-812,n1-standard-4,europe-west2,europe-west1-b,ubuntu-1804,7,4,61,STOPPED,team-E
instance-33,n1-standard-2,europe-west2,us-central1-a,centos-7,8,4,51,TERMINATED,team-N
instance-583,e2-standard-8,asia-east1,us-central1-a,windows-2019,6,16,60,TERMINATED,team-I
instance-66,n1-standard-1,us-central1,us-east1-c,centos-7,4,32,30,STOPPED,team-G
instance-17,n1-standard-4,asia-east1,us-central1-a,centos-7,1,2,67,STOPPED,team-V
instance-158,n1-standard-2,us-east1,europe-west2-c,windows-2019,7,64,62,STOPPED,team-C
instance-908,e2-standard-2,asia-southeast1,asia-east1-b,ubuntu-1804,7,16,56,STOPPED,team-K
instance-849,e2-standard-4,us-east1,us-east1-c,windows-2019,1,2,63,STOPPED,team-Z
instance-316,n1-standard-4,europe-west2,europe-west1-b,windows-2019,8,64,94,STOPPED,team-J
instance-632,n1-standard-2,us-east1,europe-west2-c,centos-7,3,16,92,RUNNING,team-X
instance-19,e2-standard-2,asia-southeast1,asia-east1-b,centos-7,6,32,39,RUNNING,team-K
instance-229,e2-standard-8,asia-east1,asia-southeast1-a,ubuntu-1804,4,64,49,RUNNING,team-V
instance-439,n1-standard-4,us-west1,us-east1-c,ubuntu-1804,6,16,20,STOPPED,team-A
instance-423,n1-standard-1,asia-southeast1,us-central1-a,centos-7,1,32,45,RUNNING,team-U
instance-429,n1-standard-4,us-central1,europe-west2-c,ubuntu-1804,8,16,37,STOPPED,team-Q
instance-573,e2-standard-8,us-east1,europe-west2-c,centos-7,4,2,77,RUNNING,team-Q
instance-466,e2-standard-4,us-central1,asia-southeast1-a,centos-7,8,64,74,STOPPED,team-G
instance-394,e2-standard-2,us-central1,us-east1-c,centos-7,2,32,49,TERMINATED,team-Q
instance-745,n1-standard-8,europe-west2,us-west1-b,ubuntu-1804,7,16,78,TERMINATED,team-T
instance-988,e2-standard-2,europe-west2,us-east1-c,centos-7,6,32,68,RUNNING,team-E
instance-758,n1-standard-2,us-east1,asia-southeast1-a,ubuntu-1804,3,4,38,STOPPED,team-L
instance-488,n1-standard-2,asia-southeast1,asia-southeast1-a,centos-7,2,32,79,RUNNING,team-P
instance-114,e2-standard-2,us-east1,us-east1-c,ubuntu-1804,4,4,67,RUNNING,team-G
instance-107,n1-standard-2,europe-west1,us-west1-b,windows-2019,8,64,43,RUNNING,team-T
instance-390,e2-standard-4,us-east1,europe-west1-b,centos-7,2,2,70,STOPPED,team-B
instance-233,n1-standard-1,us-east1,europe-west2-c,windows-2019,8,4,59,RUNNING,team-J
instance-457,n1-standard-2,europe-west1,us-west1-b,ubuntu-1804,5,8,96,RUNNING,team-L
instance-947,n1-standard-8,asia-east1,europe-west2-c,ubuntu-1804,8,4,33,STOPPED,team-F
instance-664,n1-standard-8,us-west1,europe-west1-b,windows-2019,4,32,73,RUNNING,team-J
instance-379,n1-standard-2,asia-east1,asia-southeast1-a,ubuntu-1804,8,64,69,TERMINATED,team-N
instance-327,n1-standard-2,asia-southeast1,asia-east1-b,ubuntu-1804,5,2,85,RUNNING,team-T
instance-12,e2-standard-2,europe-west1,us-west1-b,centos-7,2,64,98,STOPPED,team-T
instance-331,n1-standard-4,us-west1,us-east1-c,ubuntu-1804,6,64,50,TERMINATED,team-X
instance-650,n1-standard-1,us-central1,asia-east1-b,ubuntu-1804,8,4,84,TERMINATED,team-K
instance-377,n1-standard-4,asia-southeast1,us-east1-c,ubuntu-1804,4,32,34,TERMINATED,team-S
instance-741,n1-standard-4,us-central1,us-west1-b,windows-2019,4,4,54,TERMINATED,team-V
instance-684,e2-standard-4,us-central1,asia-southeast1-a,ubuntu-1804,7,16,48,TERMINATED,team-J
instance-434,n1-standard-2,europe-west1,us-west1-b,ubuntu-1804,2,8,89,TERMINATED,team-W
instance-469,e2-standard-4,europe-west1,asia-southeast1-a,centos-7,8,8,64,RUNNING,team-M
instance-52,n1-standard-8,asia-southeast1,asia-east1-b,ubuntu-1804,7,16,98,TERMINATED,team-N
instance-561,e2-standard-2,asia-southeast1,us-east1-c,windows-2019,2,8,27,STOPPED,team-G
instance-997,e2-standard-2,europe-west1,asia-southeast1-a,ubuntu-1804,3,32,92,STOPPED,team-V
instance-929,n1-standard-2,us-west1,europe-west1-b,centos-7,6,32,26,RUNNING,team-F
instance-10,n1-standard-2,asia-east1,us-central1-a,ubuntu-1804,5,32,41,STOPPED,team-K
instance-167,e2-standard-4,asia-east1,us-west1-b,windows-2019,4,4,60,TERMINATED,team-Y
instance-836,e2-standard-2,asia-east1,us-west1-b,centos-7,2,8,93,TERMINATED,team-Z
instance-410,n1-standard-2,us-central1,us-east1-c,windows-2019,6,32,26,RUNNING,team-O
instance-208,n1-standard-2,us-west1,us-west1-b,windows-2019,6,32,96,TERMINATED,team-C
instance-929,e2-standard-2,europe-west1,us-west1-b,windows-2019,6,8,65,RUNNING,team-M
instance-645,n1-standard-1,europe-west2,us-central1-a,ubuntu-1804,7,8,66,STOPPED,team-N
instance-511,n1-standard-8,europe-west2,europe-west2-c,centos-7,7,16,86,STOPPED,team-T
instance-325,n1-standard-1,us-east1,asia-southeast1-a,windows-2019,6,2,26,STOPPED,team-V
instance-804,e2-standard-4,us-west1,asia-southeast1-a,ubuntu-1804,3,2,88,STOPPED,team-T
instance-50,e2-standard-4,europe-west1,europe-west2-c,ubuntu-1804,7,4,82,TERMINATED,team-J
instance-328,e2-standard-2,europe-west1,us-east1-c,centos-7,1,8,97,STOPPED,team-J
instance-560,n1-standard-4,europe-west1,asia-southeast1-a,windows-2019,1,2,36,RUNNING,team-X
instance-692,n1-standard-8,europe-west2,asia-east1-b,centos-7,8,32,92,STOPPED,team-B
instance-97,n1-standard-8,europe-west2,asia-southeast1-a,ubuntu-1804,5,4,83,STOPPED,team-I
instance-754,n1-standard-1,europe-west2,asia-southeast1-a,centos-7,8,16,70,STOPPED,team-J
instance-999,e2-standard-2,europe-west1,us-east1-c,ubuntu-1804,1,2,87,STOPPED,team-B
instance-921,e2-standard-4,asia-southeast1,us-east1-c,windows-2019,3,8,99,TERMINATED,team-A
instance-266,n1-standard-8,us-central1,asia-southeast1-a,windows-2019,4,8,61,TERMINATED,team-F
instance-45,n1-standard-8,asia-southeast1,asia-east1-b,ubuntu-1804,1,2,40,RUNNING,team-X
instance-80,e2-standard-4,europe-west1,asia-southeast1-a,windows-2019,4,8,40,RUNNING,team-W
instance-274,e2-standard-4,asia-east1,europe-west2-c,ubuntu-1804,1,4,98,RUNNING,team-G
instance-891,e2-standard-2,us-central1,us-west1-b,windows-2019,8,32,96,TERMINATED,team-P
instance-654,n1-standard-4,us-east1,us-east1-c,windows-2019,8,8,51,STOPPED,team-G
instance-84,e2-standard-8,us-east1,europe-west1-b,ubuntu-1804,3,16,52,STOPPED,team-F
instance-963,e2-standard-8,europe-west2,us-east1-c,ubuntu-1804,3,16,46,TERMINATED,team-I
instance-812,n1-standard-4,europe-west2,europe-west1-b,centos-7,3,32,65,TERMINATED,team-U
instance-48,e2-standard-4,us-central1,europe-west2-c,windows-2019,3,8,51,STOPPED,team-B
instance-701,e2-standard-8,asia-east1,europe-west1-b,ubuntu-1804,8,64,74,TERMINATED,team-E
instance-635,n1-standard-8,europe-west2,us-west1-b,ubuntu-1804,7,16,87,STOPPED,team-E
instance-764,n1-standard-1,asia-east1,us-central1-a,centos-7,7,16,44,TERMINATED,team-N
instance-119,n1-standard-1,asia-southeast1,us-west1-b,windows-2019,3,2,99,RUNNING,team-S
instance-575,e2-standard-2,us-west1,us-east1-c,ubuntu-1804,6,64,81,RUNNING,team-X
instance-960,e2-standard-8,us-central1,us-central1-a,centos-7,6,16,98,TERMINATED,team-B
instance-541,n1-standard-8,europe-west2,us-west1-b,ubuntu-1804,5,2,99,STOPPED,team-M
instance-100,n1-standard-4,us-central1,asia-east1-b,ubuntu-1804,2,16,74,STOPPED,team-X
instance-362,e2-standard-4,us-west1,asia-east1-b,centos-7,1,2,31,RUNNING,team-G
instance-909,n1-standard-4,us-central1,us-east1-c,windows-2019,3,4,49,RUNNING,team-C
instance-739,n1-standard-4,us-east1,asia-southeast1-a,centos-7,3,4,62,TERMINATED,team-R
instance-719,e2-standard-4,us-west1,us-central1-a,centos-7,7,16,33,TERMINATED,team-V
instance-952,n1-standard-2,us-east1,us-central1-a,centos-7,1,32,72,TERMINATED,team-U
instance-613,e2-standard-8,us-west1,us-east1-c,ubuntu-1804,3,64,46,TERMINATED,team-K
instance-276,n1-standard-8,us-west1,europe-west1-b,ubuntu-1804,5,2,48,STOPPED,team-L
instance-317,n1-standard-4,us-central1,us-central1-a,ubuntu-1804,4,8,69,RUNNING,team-X
instance-144,e2-standard-8,us-central1,asia-southeast1-a,windows-2019,8,4,63,STOPPED,team-O
instance-584,e2-standard-4,asia-east1,us-central1-a,windows-2019,8,8,100,TERMINATED,team-A
instance-581,n1-standard-4,asia-southeast1,us-west1-b,ubuntu-1804,5,64,38,TERMINATED,team-J
instance-909,n1-standard-2,us-east1,asia-southeast1-a,windows-2019,4,16,89,TERMINATED,team-U
instance-261,n1-standard-8,asia-east1,asia-east1-b,ubuntu-1804,6,2,83,STOPPED,team-G
instance-496,e2-standard-4,asia-east1,asia-east1-b,ubuntu-1804,2,32,97,TERMINATED,team-P
instance-911,e2-standard-8,europe-west1,europe-west2-c,centos-7,1,64,74,TERMINATED,team-S
instance-712,e2-standard-2,europe-west2,asia-east1-b,ubuntu-1804,4,64,76,RUNNING,team-H
instance-914,n1-standard-4,asia-southeast1,asia-southeast1-a,ubuntu-1804,6,64,48,STOPPED,team-R
instance-982,n1-standard-1,us-central1,us-central1-a,ubuntu-1804,3,4,96,TERMINATED,team-W
instance-854,n1-standard-4,us-central1,europe-west1-b,centos-7,5,2,26,TERMINATED,team-C
instance-486,n1-standard-4,us-west1,us-east1-c,windows-2019,4,2,86,RUNNING,team-H
instance-915,n1-standard-2,europe-west2,us-east1-c,centos-7,7,64,84,RUNNING,team-J
instance-804,n1-standard-2,us-east1,asia-east1-b,centos-7,7,64,84,STOPPED,team-M
instance-386,e2-standard-4,europe-west1,europe-west2-c,ubuntu-1804,1,64,76,STOPPED,team-O
instance-159,n1-standard-8,europe-west1,asia-southeast1-a,windows-2019,1,8,100,TERMINATED,team-U
instance-696,e2-standard-4,europe-west1,europe-west1-b,ubuntu-1804,8,8,71,STOPPED,team-J
instance-698,n1-standard-1,us-east1,us-central1-a,ubuntu-1804,5,32,72,RUNNING,team-K
instance-489,e2-standard-4,us-east1,asia-southeast1-a,centos-7,2,64,89,RUNNING,team-C
instance-389,e2-standard-4,asia-southeast1,us-west1-b,centos-7,5,8,23,RUNNING,team-X
instance-890,e2-standard-4,asia-east1,europe-west2-c,windows-2019,1,32,77,TERMINATED,team-I
instance-833,e2-standard-2,us-west1,asia-southeast1-a,centos-7,6,32,56,TERMINATED,team-S
instance-702,e2-standard-4,us-central1,europe-west2-c,ubuntu-1804,6,2,78,RUNNING,team-B
instance-486,n1-standard-2,us-west1,asia-east1-b,windows-2019,6,4,68,STOPPED,team-V
instance-912,n1-standard-2,asia-southeast1,asia-east1-b,centos-7,4,4,43,RUNNING,team-Q
instance-488,n1-standard-4,us-west1,europe-west2-c,centos-7,2,32,49,RUNNING,team-E
instance-877,n1-standard-4,asia-east1,us-west1-b,ubuntu-1804,2,4,73,STOPPED,team-G
instance-237,n1-standard-4,europe-west2,asia-southeast1-a,centos-7,2,2,21,STOPPED,team-C
instance-542,e2-standard-8,us-central1,asia-east1-b,windows-2019,6,4,96,STOPPED,team-R
instance-906,e2-standard-8,us-east1,us-east1-c,centos-7,5,32,89,RUNNING,team-K
instance-845,n1-standard-8,asia-east1,asia-southeast1-a,centos-7,6,32,93,STOPPED,team-F
instance-139,e2-standard-8,us-central1,asia-southeast1-a,ubuntu-1804,7,32,61,RUNNING,team-L
instance-448,e2-standard-2,us-west1,asia-east1-b,centos-7,8,8,48,STOPPED,team-J
instance-835,n1-standard-2,us-east1,us-central1-a,windows-2019,7,64,58,STOPPED,team-C
instance-985,n1-standard-2,asia-southeast1,asia-southeast1-a,windows-2019,5,4,84,RUNNING,team-O
instance-971,n1-standard-2,europe-west1,asia-east1-b,ubuntu-1804,6,4,35,TERMINATED,team-C
instance-735,n1-standard-2,us-central1,asia-east1-b,ubuntu-1804,3,8,28,STOPPED,team-A
instance-979,e2-standard-8,europe-west1,us-east1-c,ubuntu-1804,7,32,89,STOPPED,team-W
instance-855,n1-standard-8,europe-west2,asia-east1-b,centos-7,7,64,78,RUNNING,team-W
instance-136,e2-standard-4,europe-west2,europe-west2-c,centos-7,7,32,31,TERMINATED,team-A
instance-918,n1-standard-8,us-central1,us-west1-b,windows-2019,1,32,35,STOPPED,team-G
instance-197,e2-standard-2,us-central1,us-east1-c,windows-2019,4,16,86,STOPPED,team-E
instance-715,n1-standard-4,europe-west2,asia-east1-b,ubuntu-1804,1,16,42,RUNNING,team-L
instance-243,n1-standard-8,europe-west1,us-west1-b,windows-2019,5,4,84,STOPPED,team-M
instance-762,n1-standard-8,europe-west1,europe-west2-c,ubuntu-1804,1,16,62,STOPPED,team-Q
instance-538,n1-standard-2,europe-west1,us-west1-b,ubuntu-1804,3,8,60,STOPPED,team-Y
instance-933,n1-standard-8,us-central1,europe-west2-c,windows-2019,3,32,100,RUNNING,team-Z
instance-328,n1-standard-4,asia-southeast1,us-west1-b,ubuntu-1804,1,4,53,STOPPED,team-Y
instance-638,n1-standard-2,europe-west2,asia-southeast1-a,windows-2019,8,2,87,STOPPED,team-C
instance-321,n1-standard-1,europe-west1,us-west1-b,centos-7,8,8,23,TERMINATED,team-U
instance-455,n1-standard-4,us-east1,asia-southeast1-a,windows-2019,7,4,43,TERMINATED,team-J
instance-466,e2-standard-4,us-west1,asia-southeast1-a,centos-7,4,8,58,STOPPED,team-J
instance-245,n1-standard-2,asia-east1,europe-west2-c,ubuntu-1804,8,8,78,TERMINATED,team-S
instance-488,n1-standard-4,europe-west2,us-east1-c,centos-7,5,8,64,STOPPED,team-R
instance-827,e2-standard-8,asia-east1,asia-east1-b,centos-7,7,16,66,TERMINATED,team-K
instance-371,e2-standard-8,europe-west2,us-west1-b,ubuntu-1804,3,32,91,TERMINATED,team-R
instance-794,n1-standard-4,europe-west2,europe-west1-b,windows-2019,4,64,28,STOPPED,team-W
instance-495,e2-standard-2,us-east1,us-east1-c,windows-2019,6,2,30,TERMINATED,team-W
instance-324,e2-standard-4,us-central1,europe-west2-c,windows-2019,7,64,41,STOPPED,team-J
instance-843,e2-standard-4,asia-east1,us-west1-b,windows-2019,7,16,44,RUNNING,team-Q
instance-310,n1-standard-1,europe-west2,us-west1-b,ubuntu-1804,8,4,57,STOPPED,team-F
instance-374,n1-standard-8,us-west1,us-west1-b,ubuntu-1804,8,2,45,RUNNING,team-O
instance-514,e2-standard-8,us-central1,asia-southeast1-a,ubuntu-1804,1,64,94,RUNNING,team-L
instance-755,e2-standard-8,us-central1,us-west1-b,centos-7,8,4,88,TERMINATED,team-J
instance-232,e2-standard-4,us-central1,europe-west2-c,ubuntu-1804,3,8,64,TERMINATED,team-F
instance-469,n1-standard-1,europe-west2,europe-west2-c,centos-7,4,32,43,STOPPED,team-V
instance-888,n1-standard-1,us-central1,europe-west1-b,centos-7,7,16,86,TERMINATED,team-Y
instance-574,n1-standard-8,europe-west1,europe-west2-c,ubuntu-1804,2,4,94,TERMINATED,team-Z
instance-589,n1-standard-4,asia-southeast1,europe-west2-c,centos-7,1,32,57,TERMINATED,team-Y
instance-137,n1-standard-2,europe-west1,asia-east1-b,windows-2019,4,8,45,RUNNING,team-A
instance-940,n1-standard-2,us-west1,europe-west1-b,centos-7,7,16,95,TERMINATED,team-A
instance-470,n1-standard-8,asia-east1,europe-west2-c,centos-7,5,8,70,STOPPED,team-Y
instance-920,e2-standard-2,asia-southeast1,us-central1-a,centos-7,5,16,45,TERMINATED,team-M
instance-416,e2-standard-2,us-west1,us-central1-a,centos-7,8,2,60,STOPPED,team-B
instance-297,n1-standard-2,asia-east1,us-west1-b,ubuntu-1804,1,16,79,TERMINATED,team-M
instance-682,e2-standard-2,europe-west2,us-central1-a,centos-7,4,2,55,RUNNING,team-S
instance-269,e2-standard-4,asia-east1,europe-west2-c,ubuntu-1804,2,32,56,STOPPED,team-U
instance-530,e2-standard-2,europe-west1,asia-southeast1-a,ubuntu-1804,6,4,38,RUNNING,team-W
instance-744,n1-standard-8,us-east1,asia-east1-b,windows-2019,4,2,99,STOPPED,team-P
instance-459,e2-standard-8,europe-west1,us-east1-c,windows-2019,8,8,94,STOPPED,team-G
instance-532,n1-standard-4,us-central1,europe-west2-c,centos-7,7,32,20,RUNNING,team-P
instance-499,e2-standard-2,europe-west2,europe-west1-b,ubuntu-1804,6,8,38,STOPPED,team-P
instance-66,e2-standard-2,europe-west1,asia-east1-b,windows-2019,8,4,31,RUNNING,team-G
instance-121,n1-standard-1,us-west1,asia-east1-b,ubuntu-1804,6,2,77,STOPPED,team-Z
instance-660,n1-standard-2,us-central1,europe-west1-b,windows-2019,8,16,25,TERMINATED,team-Y
instance-525,e2-standard-2,asia-east1,europe-west2-c,windows-2019,7,64,29,RUNNING,team-P
instance-831,n1-standard-2,us-central1,europe-west2-c,centos-7,6,2,85,RUNNING,team-Z
instance-376,e2-standard-4,us-central1,us-central1-a,windows-2019,2,16,71,STOPPED,team-Q
instance-410,e2-standard-2,us-central1,us-central1-a,centos-7,2,64,28,TERMINATED,team-Q
instance-517,n1-standard-2,us-west1,us-west1-b,centos-7,4,8,31,TERMINATED,team-E
instance-603,e2-standard-4,asia-east1,asia-southeast1-a,windows-2019,3,32,91,STOPPED,team-D
instance-652,e2-standard-4,europe-west1,us-east1-c,windows-2019,7,16,97,TERMINATED,team-D
instance-795,n1-standard-2,asia-southeast1,europe-west2-c,windows-2019,3,8,45,STOPPED,team-Q
instance-515,e2-standard-4,asia-southeast1,us-east1-c,centos-7,6,4,42,TERMINATED,team-F
instance-288,n1-standard-1,us-central1,us-east1-c,windows-2019,7,64,57,RUNNING,team-Y
instance-394,n1-standard-8,us-west1,asia-southeast1-a,windows-2019,1,8,66,STOPPED,team-V
instance-255,n1-standard-2,us-west1,asia-southeast1-a,centos-7,3,4,48,TERMINATED,team-S
instance-510,n1-standard-2,us-west1,us-east1-c,centos-7,4,2,32,RUNNING,team-X
instance-654,n1-standard-8,asia-southeast1,us-central1-a,centos-7,8,64,35,TERMINATED,team-C
instance-185,e2-standard-4,europe-west2,us-east1-c,centos-7,3,16,27,RUNNING,team-H
instance-622,n1-standard-2,asia-east1,asia-southeast1-a,centos-7,1,16,73,TERMINATED,team-J
instance-560,n1-standard-2,europe-west1,asia-southeast1-a,ubuntu-1804,3,4,96,TERMINATED,team-I
instance-151,e2-standard-4,europe-west1,us-central1-a,centos-7,3,4,90,RUNNING,team-Y
instance-610,e2-standard-2,asia-east1,us-west1-b,windows-2019,4,4,70,TERMINATED,team-U
instance-823,n1-standard-4,asia-southeast1,europe-west2-c,centos-7,7,8,60,TERMINATED,team-S
instance-112,e2-standard-8,europe-west1,europe-west2-c,windows-2019,5,32,36,STOPPED,team-E
instance-468,n1-standard-1,europe-west2,us-east1-c,centos-7,7,64,52,TERMINATED,team-C
instance-891,n1-standard-4,asia-southeast1,us-west1-b,centos-7,3,16,81,RUNNING,team-F
instance-264,n1-standard-8,asia-southeast1,us-west1-b,windows-2019,3,16,28,STOPPED,team-M
instance-142,n1-standard-8,asia-east1,asia-southeast1-a,centos-7,5,2,28,RUNNING,team-X
instance-828,e2-standard-4,asia-east1,europe-west2-c,windows-2019,7,8,53,STOPPED,team-P
instance-262,n1-standard-8,asia-southeast1,europe-west2-c,centos-7,8,4,26,TERMINATED,team-V
instance-110,n1-standard-1,us-east1,us-west1-b,windows-2019,4,32,84,STOPPED,team-B
instance-148,e2-standard-2,us-east1,us-central1-a,windows-2019,2,8,22,RUNNING,team-W
instance-388,e2-standard-2,europe-west1,europe-west2-c,ubuntu-1804,6,4,74,TERMINATED,team-T
instance-475,n1-standard-1,us-east1,us-west1-b,windows-2019,2,2,24,TERMINATED,team-Y
instance-305,n1-standard-4,europe-west1,europe-west1-b,ubuntu-1804,6,16,28,STOPPED,team-S
instance-610,n1-standard-1,europe-west1,asia-east1-b,windows-2019,8,2,80,TERMINATED,team-O
instance-521,n1-standard-1,us-west1,us-central1-a,windows-2019,7,32,32,STOPPED,team-Q
instance-293,n1-standard-4,europe-west1,asia-east1-b,ubuntu-1804,4,4,35,STOPPED,team-J
instance-154,e2-standard-8,europe-west1,asia-east1-b,windows-2019,6,16,48,TERMINATED,team-T
instance-649,n1-standard-1,europe-west2,asia-east1-b,windows-2019,8,2,100,TERMINATED,team-S
instance-551,n1-standard-4,europe-west1,europe-west2-c,windows-2019,8,16,30,TERMINATED,team-C
instance-886,e2-standard-2,europe-west2,us-central1-a,centos-7,5,4,42,TERMINATED,team-O
instance-991,e2-standard-8,us-central1,us-west1-b,centos-7,6,2,58,STOPPED,team-R
instance-568,e2-standard-8,asia-southeast1,us-west1-b,ubuntu-1804,6,64,81,TERMINATED,team-R
instance-956,n1-standard-8,us-east1,us-central1-a,ubuntu-1804,1,2,73,TERMINATED,team-T
instance-590,e2-standard-8,europe-west2,us-east1-c,ubuntu-1804,7,4,74,TERMINATED,team-S
instance-865,n1-standard-1,us-west1,asia-southeast1-a,ubuntu-1804,1,32,47,TERMINATED,team-Y
instance-306,e2-standard-4,us-east1,asia-east1-b,ubuntu-1804,2,32,96,RUNNING,team-H
instance-216,n1-standard-2,us-central1,us-east1-c,centos-7,8,8,36,STOPPED,team-P
instance-419,n1-standard-1,us-central1,us-central1-a,windows-2019,3,32,70,TERMINATED,team-R
instance-580,n1-standard-1,us-central1,europe-west1-b,ubuntu-1804,4,2,68,STOPPED,team-W
instance-444,e2-standard-8,europe-west2,europe-west2-c,ubuntu-1804,7,2,62,TERMINATED,team-M
instance-109,e2-standard-2,us-central1,europe-west2-c,centos-7,8,2,30,TERMINATED,team-A
instance-904,n1-standard-1,asia-southeast1,europe-west2-c,centos-7,8,8,98,TERMINATED,team-Z
instance-7,e2-standard-2,asia-southeast1,us-central1-a,ubuntu-1804,2,16,51,TERMINATED,team-S
instance-139,n1-standard-8,europe-west2,us-central1-a,ubuntu-1804,5,64,43,TERMINATED,team-X
instance-239,n1-standard-4,asia-southeast1,asia-east1-b,windows-2019,2,2,65,STOPPED,team-G
instance-254,e2-standard-8,europe-west2,us-west1-b,centos-7,5,64,20,TERMINATED,team-G
instance-32,e2-standard-8,us-central1,europe-west1-b,windows-2019,2,4,66,STOPPED,team-E
instance-543,e2-standard-4,us-east1,asia-southeast1-a,windows-2019,7,2,92,TERMINATED,team-C
instance-757,e2-standard-8,europe-west2,us-west1-b,ubuntu-1804,6,8,87,RUNNING,team-F
instance-813,e2-standard-4,us-central1,asia-southeast1-a,ubuntu-1804,7,64,91,RUNNING,team-L
instance-394,e2-standard-4,asia-southeast1,europe-west2-c,windows-2019,8,32,37,TERMINATED,team-R
instance-272,e2-standard-2,us-east1,us-west1-b,windows-2019,6,64,39,STOPPED,team-U
instance-954,e2-standard-4,us-west1,us-central1-a,centos-7,5,8,58,STOPPED,team-Y
instance-666,n1-standard-4,asia-east1,us-central1-a,ubuntu-1804,3,4,88,TERMINATED,team-K
instance-760,n1-standard-4,asia-east1,asia-east1-b,centos-7,4,32,52,RUNNING,team-Q
instance-123,e2-standard-4,us-central1,europe-west1-b,centos-7,8,2,53,TERMINATED,team-N
instance-768,e2-standard-8,europe-west2,europe-west2-c,centos-7,4,16,81,RUNNING,team-Y
instance-682,n1-standard-8,europe-west1,asia-southeast1-a,ubuntu-1804,1,8,61,RUNNING,team-D
instance-34,n1-standard-2,us-west1,us-west1-b,windows-2019,1,64,23,RUNNING,team-D
instance-850,e2-standard-8,europe-west1,asia-east1-b,windows-2019,4,16,31,RUNNING,team-R
instance-219,n1-standard-1,europe-west2,europe-west1-b,centos-7,5,2,22,TERMINATED,team-M
instance-634,n1-standard-2,us-central1,europe-west1-b,ubuntu-1804,2,8,21,TERMINATED,team-O
instance-186,n1-standard-8,us-central1,europe-west2-c,ubuntu-1804,6,32,47,TERMINATED,team-U
instance-480,n1-standard-4,us-east1,asia-east1-b,windows-2019,6,8,58,STOPPED,team-O
instance-295,n1-standard-2,us-west1,us-central1-a,windows-2019,5,64,87,TERMINATED,team-J
instance-149,n1-standard-4,us-east1,us-central1-a,windows-2019,1,64,31,TERMINATED,team-A
instance-254,n1-standard-1,europe-west2,europe-west2-c,centos-7,1,32,96,TERMINATED,team-Y
instance-420,e2-standard-4,us-east1,europe-west2-c,ubuntu-1804,6,16,93,TERMINATED,team-O
instance-71,e2-standard-4,us-central1,us-west1-b,ubuntu-1804,3,32,22,TERMINATED,team-B
instance-78,e2-standard-2,asia-east1,europe-west1-b,windows-2019,3,16,66,STOPPED,team-J
instance-476,n1-standard-8,asia-east1,us-east1-c,windows-2019,6,2,94,STOPPED,team-Y
instance-186,e2-standard-8,us-west1,europe-west2-c,windows-2019,3,4,75,RUNNING,team-O
instance-944,e2-standard-8,us-east1,us-west1-b,centos-7,2,4,84,RUNNING,team-Z
instance-222,n1-standard-8,europe-west2,us-east1-c,windows-2019,6,16,69,STOPPED,team-G
instance-98,e2-standard-8,europe-west1,us-west1-b,centos-7,1,2,31,TERMINATED,team-Y
instance-210,n1-standard-2,us-central1,us-west1-b,ubuntu-1804,7,8,94,TERMINATED,team-A
instance-505,e2-standard-8,us-west1,asia-east1-b,windows-2019,2,4,79,STOPPED,team-E
instance-133,n1-standard-8,us-west1,us-west1-b,ubuntu-1804,5,16,88,TERMINATED,team-D
instance-173,n1-standard-2,asia-southeast1,asia-east1-b,centos-7,5,4,92,RUNNING,team-N
instance-760,e2-standard-2,asia-southeast1,europe-west2-c,windows-2019,1,16,20,STOPPED,team-W
instance-397,e2-standard-4,asia-east1,us-west1-b,ubuntu-1804,7,64,100,STOPPED,team-T
instance-62,n1-standard-1,us-central1,us-central1-a,centos-7,4,16,84,TERMINATED,team-W
instance-601,n1-standard-2,us-east1,us-central1-a,windows-2019,8,64,21,STOPPED,team-T
instance-330,e2-standard-8,us-central1,europe-west2-c,centos-7,7,2,66,TERMINATED,team-V
instance-433,n1-standard-1,asia-east1,us-central1-a,centos-7,1,4,44,TERMINATED,team-J
instance-959,n1-standard-1,us-west1,us-west1-b,centos-7,4,16,51,TERMINATED,team-L
instance-362,n1-standard-1,europe-west1,us-east1-c,ubuntu-1804,7,32,34,RUNNING,team-V
instance-726,n1-standard-4,asia-east1,asia-southeast1-a,centos-7,8,64,88,STOPPED,team-A
instance-364,e2-standard-8,us-central1,us-west1-b,ubuntu-1804,3,32,98,STOPPED,team-A
instance-417,n1-standard-1,us-east1,us-east1-c,centos-7,1,64,95,STOPPED,team-P
instance-952,e2-standard-8,us-west1,asia-east1-b,windows-2019,5,64,64,RUNNING,team-K
instance-696,n1-standard-4,us-central1,asia-east1-b,ubuntu-1804,6,2,76,TERMINATED,team-E
instance-130,e2-standard-2,us-central1,asia-east1-b,centos-7,7,4,40,STOPPED,team-O
instance-154,n1-standard-4,europe-west2,us-central1-a,ubuntu-1804,7,32,64,TERMINATED,team-T
instance-970,e2-standard-8,us-east1,us-east1-c,centos-7,2,64,74,STOPPED,team-R
instance-887,n1-standard-1,us-east1,asia-southeast1-a,windows-2019,5,8,55,RUNNING,team-H
instance-914,n1-standard-1,us-central1,asia-east1-b,ubuntu-1804,6,4,60,TERMINATED,team-D
instance-110,e2-standard-2,us-west1,us-west1-b,windows-2019,6,8,26,TERMINATED,team-E
instance-888,n1-standard-1,europe-west2,us-east1-c,centos-7,4,64,25,RUNNING,team-B
instance-687,n1-standard-8,us-east1,us-east1-c,centos-7,3,16,99,TERMINATED,team-F
instance-790,n1-standard-2,us-central1,asia-east1-b,windows-2019,8,16,73,TERMINATED,team-H
instance-631,n1-standard-8,europe-west1,us-west1-b,ubuntu-1804,8,8,91,STOPPED,team-P
instance-267,n1-standard-8,europe-west1,asia-southeast1-a,centos-7,7,16,71,STOPPED,team-W
instance-349,n1-standard-1,europe-west2,us-central1-a,ubuntu-1804,6,32,38,TERMINATED,team-Y
instance-701,e2-standard-4,europe-west1,europe-west2-c,ubuntu-1804,7,64,58,RUNNING,team-I
instance-215,n1-standard-4,asia-east1,asia-southeast1-a,centos-7,2,2,25,RUNNING,team-B
instance-251,e2-standard-8,europe-west2,asia-east1-b,centos-7,5,32,92,STOPPED,team-X
instance-445,n1-standard-4,asia-southeast1,europe-west2-c,centos-7,6,4,89,RUNNING,team-H
instance-153,n1-standard-2,us-east1,asia-east1-b,ubuntu-1804,7,8,54,TERMINATED,team-B
instance-975,e2-standard-2,asia-east1,asia-east1-b,ubuntu-1804,3,2,33,STOPPED,team-V
instance-161,e2-standard-2,europe-west2,asia-southeast1-a,windows-2019,5,2,32,RUNNING,team-T
instance-635,n1-standard-2,europe-west2,us-east1-c,ubuntu-1804,7,32,50,RUNNING,team-M
instance-847,n1-standard-8,asia-southeast1,asia-east1-b,centos-7,6,64,58,STOPPED,team-Y
instance-476,e2-standard-4,asia-east1,europe-west2-c,windows-2019,3,64,92,STOPPED,team-V
instance-359,n1-standard-8,europe-west2,us-central1-a,centos-7,7,2,88,RUNNING,team-P
instance-530,n1-standard-8,us-central1,us-central1-a,windows-2019,3,32,96,STOPPED,team-T
instance-783,n1-standard-8,asia-southeast1,europe-west2-c,centos-7,3,32,72,STOPPED,team-W
instance-236,e2-standard-2,asia-southeast1,us-west1-b,ubuntu-1804,5,8,26,RUNNING,team-V
instance-282,e2-standard-8,asia-southeast1,us-east1-c,centos-7,2,64,100,STOPPED,team-E
instance-437,n1-standard-1,us-central1,us-east1-c,ubuntu-1804,3,64,32,STOPPED,team-E
instance-351,e2-standard-8,us-central1,us-west1-b,windows-2019,8,4,47,TERMINATED,team-P
instance-676,n1-standard-4,europe-west2,europe-west2-c,centos-7,8,64,34,RUNNING,team-Z
instance-221,e2-standard-2,europe-west1,asia-east1-b,ubuntu-1804,2,2,45,TERMINATED,team-J
instance-665,e2-standard-2,europe-west1,us-east1-c,centos-7,3,64,67,RUNNING,team-T
instance-379,e2-standard-8,europe-west1,us-central1-a,centos-7,3,32,31,TERMINATED,team-S
instance-261,e2-standard-2,europe-west1,asia-southeast1-a,ubuntu-1804,4,16,26,RUNNING,team-Z
instance-875,n1-standard-4,us-west1,us-central1-a,ubuntu-1804,1,8,64,RUNNING,team-X
instance-429,e2-standard-8,europe-west2,us-central1-a,centos-7,7,4,88,STOPPED,team-F
instance-182,e2-standard-2,asia-east1,us-west1-b,windows-2019,4,64,28,TERMINATED,team-Y
instance-277,n1-standard-8,us-west1,europe-west2-c,windows-2019,8,2,79,TERMINATED,team-K
instance-903,n1-standard-8,europe-west1,us-central1-a,ubuntu-1804,5,32,26,RUNNING,team-C
instance-56,e2-standard-2,us-east1,us-west1-b,windows-2019,4,8,93,STOPPED,team-V
instance-909,n1-standard-8,asia-east1,asia-east1-b,ubuntu-1804,6,2,21,RUNNING,team-V
instance-919,e2-standard-4,europe-west1,us-west1-b,ubuntu-1804,5,64,82,STOPPED,team-Z
instance-173,n1-standard-2,asia-southeast1,europe-west2-c,windows-2019,6,4,31,TERMINATED,team-R
instance-639,n1-standard-4,asia-east1,us-central1-a,ubuntu-1804,8,2,75,TERMINATED,team-A
instance-812,n1-standard-8,us-east1,us-east1-c,centos-7,2,4,45,TERMINATED,team-A
instance-564,e2-standard-8,asia-southeast1,asia-east1-b,centos-7,4,8,41,TERMINATED,team-D
instance-899,n1-standard-4,europe-west2,europe-west1-b,ubuntu-1804,3,4,99,TERMINATED,team-C
instance-715,n1-standard-2,europe-west1,us-east1-c,centos-7,4,32,35,TERMINATED,team-Q
instance-130,n1-standard-2,asia-east1,europe-west1-b,centos-7,5,4,58,STOPPED,team-I
instance-508,n1-standard-2,europe-west1,asia-southeast1-a,windows-2019,5,64,32,TERMINATED,team-A
instance-903,n1-standard-1,asia-east1,asia-southeast1-a,ubuntu-1804,5,8,25,RUNNING,team-P
instance-816,e2-standard-4,europe-west1,us-east1-c,centos-7,6,32,88,STOPPED,team-Y
instance-664,n1-standard-4,us-central1,us-central1-a,centos-7,7,8,21,STOPPED,team-H
instance-103,e2-standard-8,europe-west1,europe-west1-b,centos-7,4,64,84,RUNNING,team-K
instance-66,e2-standard-2,us-central1,asia-southeast1-a,windows-2019,7,64,37,RUNNING,team-S
instance-157,e2-standard-4,europe-west2,us-east1-c,windows-2019,8,4,30,STOPPED,team-Z
instance-851,n1-standard-1,asia-east1,us-central1-a,centos-7,7,8,52,TERMINATED,team-X
instance-178,e2-standard-2,us-central1,europe-west2-c,centos-7,5,16,98,TERMINATED,team-U
instance-724,n1-standard-2,asia-southeast1,europe-west2-c,centos-7,6,4,67,TERMINATED,team-I
instance-31,e2-standard-8,us-east1,asia-east1-b,ubuntu-1804,7,2,69,RUNNING,team-P
instance-999,n1-standard-2,europe-west2,us-east1-c,windows-2019,3,64,71,STOPPED,team-Z
instance-451,e2-standard-4,europe-west2,asia-east1-b,windows-2019,5,16,66,TERMINATED,team-X
instance-38,e2-standard-8,us-central1,europe-west2-c,windows-2019,7,2,23,STOPPED,team-O
instance-23,n1-standard-8,us-east1,asia-east1-b,centos-7,7,8,66,RUNNING,team-L
instance-713,e2-standard-4,us-east1,us-central1-a,ubuntu-1804,1,32,93,STOPPED,team-U
instance-361,n1-standard-8,europe-west2,us-central1-a,centos-7,1,32,68,TERMINATED,team-X
instance-563,n1-standard-4,us-central1,us-west1-b,ubuntu-1804,1,32,51,TERMINATED,team-D
instance-480,e2-standard-4,us-east1,europe-west1-b,windows-2019,1,2,43,TERMINATED,team-O
instance-500,n1-standard-8,europe-west1,asia-southeast1-a,centos-7,3,32,23,RUNNING,team-B
instance-174,n1-standard-4,europe-west2,asia-southeast1-a,ubuntu-1804,8,32,94,TERMINATED,team-Q
instance-587,n1-standard-4,asia-southeast1,europe-west2-c,ubuntu-1804,1,16,31,TERMINATED,team-G
instance-826,e2-standard-2,asia-east1,us-central1-a,windows-2019,2,64,37,TERMINATED,team-U
instance-427,e2-standard-4,europe-west2,europe-west2-c,ubuntu-1804,5,32,33,TERMINATED,team-S
instance-959,e2-standard-4,asia-east1,europe-west2-c,ubuntu-1804,8,32,92,TERMINATED,team-Q
instance-782,e2-standard-8,europe-west2,us-central1-a,centos-7,8,8,75,RUNNING,team-A
instance-801,n1-standard-1,asia-east1,us-east1-c,centos-7,5,2,39,TERMINATED,team-X
instance-393,n1-standard-4,us-east1,asia-east1-b,centos-7,6,8,86,RUNNING,team-K
instance-513,n1-standard-4,asia-southeast1,us-central1-a,centos-7,5,32,28,TERMINATED,team-N
instance-439,n1-standard-4,europe-west1,us-central1-a,ubuntu-1804,3,4,58,RUNNING,team-W
instance-676,n1-standard-4,us-central1,us-central1-a,ubuntu-1804,8,4,84,RUNNING,team-W
instance-448,n1-standard-4,us-east1,asia-southeast1-a,windows-2019,5,8,84,TERMINATED,team-M
instance-710,e2-standard-2,us-east1,us-east1-c,ubuntu-1804,1,2,61,TERMINATED,team-T
instance-670,e2-standard-2,asia-southeast1,europe-west2-c,centos-7,4,4,85,STOPPED,team-H
instance-197,n1-standard-2,europe-west2,us-central1-a,ubuntu-1804,6,4,93,TERMINATED,team-S
instance-550,e2-standard-2,asia-east1,us-central1-a,ubuntu-1804,8,64,22,TERMINATED,team-Z
instance-55,e2-standard-2,us-west1,us-east1-c,ubuntu-1804,4,64,57,RUNNING,team-E
instance-6,e2-standard-2,us-central1,europe-west1-b,ubuntu-1804,8,32,44,STOPPED,team-L
instance-28,n1-standard-4,us-central1,us-west1-b,centos-7,6,4,93,TERMINATED,team-U
instance-955,n1-standard-4,us-west1,asia-southeast1-a,windows-2019,5,16,32,STOPPED,team-V
instance-840,n1-standard-1,us-east1,us-west1-b,windows-2019,7,16,74,RUNNING,team-P
instance-543,n1-standard-1,asia-east1,asia-east1-b,windows-2019,7,32,95,RUNNING,team-L
instance-121,e2-standard-2,us-east1,us-west1-b,windows-2019,3,2,74,STOPPED,team-B
instance-69,e2-standard-2,asia-southeast1,asia-east1-b,centos-7,5,16,22,STOPPED,team-I
instance-877,e2-standard-4,us-central1,asia-east1-b,centos-7,5,16,73,STOPPED,team-O
instance-410,e2-standard-8,us-east1,us-west1-b,centos-7,2,16,73,RUNNING,team-Y
instance-783,e2-standard-2,us-east1,us-central1-a,centos-7,8,2,86,STOPPED,team-P
instance-763,e2-standard-8,europe-west2,us-central1-a,ubuntu-1804,6,16,39,STOPPED,team-H
instance-629,e2-standard-2,europe-west1,europe-west1-b,ubuntu-1804,8,64,87,STOPPED,team-K
instance-873,e2-standard-8,us-central1,asia-southeast1-a,ubuntu-1804,3,64,95,TERMINATED,team-K
instance-434,n1-standard-8,europe-west1,us-east1-c,centos-7,5,4,57,TERMINATED,team-A
instance-656,n1-standard-1,asia-east1,europe-west2-c,windows-2019,1,64,97,RUNNING,team-Y
instance-842,n1-standard-4,asia-southeast1,asia-east1-b,windows-2019,8,16,88,RUNNING,team-J
instance-212,e2-standard-8,asia-east1,asia-southeast1-a,windows-2019,8,8,81,RUNNING,team-M
instance-544,n1-standard-8,asia-east1,us-central1-a,ubuntu-1804,6,2,61,RUNNING,team-K
instance-829,e2-standard-4,us-central1,us-central1-a,centos-7,7,4,45,STOPPED,team-H
instance-142,n1-standard-1,us-west1,europe-west2-c,centos-7,1,8,99,RUNNING,team-J
instance-646,n1-standard-1,europe-west1,asia-southeast1-a,centos-7,1,64,93,STOPPED,team-P
instance-619,n1-standard-2,asia-east1,us-east1-c,windows-2019,6,16,97,STOPPED,team-I
instance-629,e2-standard-4,us-east1,us-central1-a,ubuntu-1804,8,16,26,RUNNING,team-I
instance-695,n1-standard-1,us-east1,us-central1-a,centos-7,7,4,76,STOPPED,team-J
instance-741,e2-standard-2,us-west1,us-west1-b,ubuntu-1804,7,64,87,RUNNING,team-U
instance-414,e2-standard-4,europe-west2,us-central1-a,ubuntu-1804,5,16,67,RUNNING,team-Z
instance-597,n1-standard-1,europe-west1,us-west1-b,centos-7,3,8,27,STOPPED,team-V
instance-460,n1-standard-4,asia-southeast1,europe-west2-c,ubuntu-1804,8,64,43,TERMINATED,team-G
instance-296,e2-standard-8,europe-west2,asia-east1-b,ubuntu-1804,3,32,76,TERMINATED,team-H
instance-311,n1-standard-2,europe-west2,us-east1-c,ubuntu-1804,7,64,67,RUNNING,team-U
instance-497,n1-standard-8,us-east1,asia-east1-b,ubuntu-1804,8,8,82,RUNNING,team-X
instance-23,e2-standard-4,europe-west1,asia-east1-b,ubuntu-1804,3,32,32,TERMINATED,team-C
instance-281,e2-standard-2,asia-east1,europe-west2-c,centos-7,5,16,81,TERMINATED,team-J
instance-59,n1-standard-2,us-west1,asia-east1-b,windows-2019,1,64,87,RUNNING,team-Q
instance-659,e2-standard-8,us-west1,asia-east1-b,ubuntu-1804,8,8,55,RUNNING,team-X
instance-266,e2-standard-2,asia-east1,asia-southeast1-a,windows-2019,3,4,33,TERMINATED,team-T
instance-243,n1-standard-1,us-central1,asia-southeast1-a,ubuntu-1804,1,32,52,STOPPED,team-G
instance-763,n1-standard-4,europe-west1,us-central1-a,windows-2019,4,64,48,RUNNING,team-I
instance-823,n1-standard-4,us-central1,asia-southeast1-a,windows-2019,7,16,41,RUNNING,team-Q
instance-67,e2-standard-2,europe-west1,europe-west2-c,ubuntu-1804,5,64,76,RUNNING,team-K
instance-883,e2-standard-2,asia-southeast1,asia-southeast1-a,windows-2019,3,16,35,STOPPED,team-J
instance-93,e2-standard-8,us-west1,us-east1-c,ubuntu-1804,2,16,42,STOPPED,team-K
instance-461,n1-standard-1,us-east1,us-east1-c,windows-2019,2,8,20,TERMINATED,team-Z
instance-362,n1-standard-1,asia-southeast1,asia-east1-b,ubuntu-1804,6,4,27,RUNNING,team-E
instance-679,n1-standard-2,us-east1,asia-southeast1-a,centos-7,2,4,71,RUNNING,team-X
instance-513,n1-standard-1,asia-east1,us-central1-a,windows-2019,4,16,88,TERMINATED,team-K
instance-987,n1-standard-4,europe-west1,europe-west1-b,windows-2019,2,4,81,STOPPED,team-D
instance-164,n1-standard-1,asia-east1,asia-east1-b,windows-2019,1,64,30,RUNNING,team-P
instance-264,e2-standard-8,asia-east1,asia-southeast1-a,centos-7,5,2,31,RUNNING,team-Z
instance-652,n1-standard-1,europe-west2,europe-west2-c,windows-2019,5,4,73,RUNNING,team-Y
instance-909,e2-standard-8,europe-west1,europe-west1-b,windows-2019,4,32,22,STOPPED,team-C
instance-46,n1-standard-1,europe-west1,us-central1-a,centos-7,4,4,64,STOPPED,team-A
instance-193,n1-standard-4,asia-southeast1,asia-southeast1-a,ubuntu-1804,4,2,77,TERMINATED,team-G
instance-213,e2-standard-4,asia-east1,asia-east1-b,ubuntu-1804,6,64,67,RUNNING,team-E
instance-820,n1-standard-4,asia-southeast1,us-central1-a,ubuntu-1804,8,4,41,STOPPED,team-X
instance-125,n1-standard-1,asia-east1,europe-west2-c,windows-2019,2,32,33,TERMINATED,team-Y
instance-839,n1-standard-8,europe-west2,us-west1-b,centos-7,5,2,50,TERMINATED,team-J
instance-876,n1-standard-1,europe-west2,asia-east1-b,centos-7,3,16,71,STOPPED,team-J
instance-916,n1-standard-2,us-west1,us-central1-a,windows-2019,6,16,60,RUNNING,team-S
instance-622,n1-standard-4,us-west1,europe-west2-c,windows-2019,3,16,92,RUNNING,team-T
instance-665,e2-standard-8,us-central1,europe-west2-c,windows-2019,6,8,64,RUNNING,team-O
instance-727,n1-standard-1,asia-east1,europe-west2-c,windows-2019,8,4,32,STOPPED,team-I
instance-946,n1-standard-4,asia-southeast1,asia-east1-b,centos-7,2,64,50,TERMINATED,team-O
instance-904,n1-standard-2,asia-east1,asia-east1-b,centos-7,6,64,77,TERMINATED,team-P
instance-15,n1-standard-4,europe-west2,europe-west2-c,ubuntu-1804,3,4,71,STOPPED,team-V
instance-542,n1-standard-1,us-west1,europe-west2-c,windows-2019,1,64,93,RUNNING,team-P
instance-391,n1-standard-4,us-west1,europe-west1-b,centos-7,5,64,57,TERMINATED,team-O
instance-762,e2-standard-4,europe-west1,europe-west2-c,centos-7,4,2,81,RUNNING,team-F
instance-771,e2-standard-8,asia-southeast1,europe-west1-b,windows-2019,6,4,37,RUNNING,team-G
instance-686,e2-standard-2,us-west1,asia-southeast1-a,centos-7,8,32,34,TERMINATED,team-G
instance-334,n1-standard-4,us-east1,europe-west1-b,ubuntu-1804,5,4,91,TERMINATED,team-O
instance-407,n1-standard-8,us-central1,europe-west2-c,windows-2019,2,2,62,STOPPED,team-G
instance-327,n1-standard-8,asia-east1,asia-southeast1-a,ubuntu-1804,5,64,76,STOPPED,team-S
instance-808,n1-standard-1,us-west1,europe-west1-b,centos-7,3,4,40,STOPPED,team-N
instance-115,n1-standard-2,europe-west2,us-east1-c,centos-7,5,8,36,TERMINATED,team-X
instance-734,n1-standard-8,us-central1,asia-east1-b,ubuntu-1804,8,16,20,STOPPED,team-V
instance-161,e2-standard-4,us-west1,asia-southeast1-a,windows-2019,8,2,53,TERMINATED,team-G
instance-204,n1-standard-1,asia-east1,us-west1-b,windows-2019,2,4,69,STOPPED,team-S
instance-575,n1-standard-4,europe-west1,asia-southeast1-a,ubuntu-1804,7,16,82,STOPPED,team-R
instance-181,n1-standard-8,us-east1,us-east1-c,windows-2019,4,2,76,STOPPED,team-H
instance-605,e2-standard-2,us-central1,europe-west1-b,windows-2019,2,64,33,TERMINATED,team-C
instance-782,e2-standard-8,us-east1,us-central1-a,centos-7,7,2,93,STOPPED,team-S
instance-392,n1-standard-8,asia-east1,europe-west1-b,windows-2019,3,16,66,TERMINATED,team-U
instance-387,e2-standard-2,asia-southeast1,us-central1-a,ubuntu-1804,1,4,21,STOPPED,team-T
instance-626,n1-standard-8,asia-southeast1,us-west1-b,windows-2019,6,8,85,STOPPED,team-D
instance-135,n1-standard-1,us-west1,asia-southeast1-a,windows-2019,8,64,61,TERMINATED,team-T
instance-850,e2-standard-2,europe-west2,asia-southeast1-a,windows-2019,5,8,82,STOPPED,team-G
instance-367,n1-standard-2,europe-west2,europe-west1-b,ubuntu-1804,6,2,75,STOPPED,team-X
instance-459,e2-standard-8,asia-east1,us-east1-c,ubuntu-1804,2,8,81,TERMINATED,team-J
instance-710,n1-standard-8,europe-west1,us-west1-b,centos-7,8,2,79,RUNNING,team-J
instance-270,n1-standard-8,us-central1,asia-east1-b,centos-7,2,64,51,TERMINATED,team-E
instance-631,e2-standard-8,europe-west1,us-central1-a,ubuntu-1804,3,32,34,STOPPED,team-G
instance-591,e2-standard-4,asia-east1,us-east1-c,windows-2019,2,16,60,RUNNING,team-A
instance-275,e2-standard-4,us-east1,asia-east1-b,ubuntu-1804,2,64,30,TERMINATED,team-J
instance-597,e2-standard-4,europe-west1,europe-west1-b,windows-2019,2,4,80,STOPPED,team-J
instance-482,e2-standard-8,us-west1,us-east1-c,centos-7,3,32,77,STOPPED,team-O
instance-115,n1-standard-8,asia-southeast1,europe-west1-b,centos-7,7,16,38,STOPPED,team-W
instance-801,n1-standard-8,europe-west1,us-east1-c,windows-2019,3,4,83,STOPPED,team-T
instance-84,e2-standard-4,us-east1,asia-southeast1-a,centos-7,4,8,32,TERMINATED,team-M
instance-675,n1-standard-1,europe-west1,asia-east1-b,windows-2019,2,64,90,TERMINATED,team-W
instance-942,e2-standard-2,us-east1,europe-west2-c,centos-7,6,8,40,STOPPED,team-V
instance-347,n1-standard-8,us-east1,europe-west1-b,centos-7,8,16,71,TERMINATED,team-G
instance-271,n1-standard-4,asia-southeast1,us-central1-a,ubuntu-1804,3,2,48,STOPPED,team-H
instance-706,n1-standard-1,us-west1,europe-west1-b,centos-7,2,8,33,TERMINATED,team-J
instance-521,n1-standard-1,asia-east1,us-east1-c,ubuntu-1804,5,8,67,TERMINATED,team-X
instance-792,n1-standard-4,us-west1,us-west1-b,ubuntu-1804,6,32,91,STOPPED,team-N
instance-640,e2-standard-2,europe-west1,europe-west1-b,ubuntu-1804,5,32,48,STOPPED,team-Y
instance-571,n1-standard-2,us-east1,us-west1-b,centos-7,4,32,32,RUNNING,team-W
instance-388,n1-standard-4,asia-east1,europe-west1-b,ubuntu-1804,3,8,56,STOPPED,team-K
instance-670,e2-standard-4,europe-west1,europe-west1-b,centos-7,8,64,43,RUNNING,team-M
instance-557,e2-standard-8,europe-west2,asia-southeast1-a,ubuntu-1804,1,32,88,RUNNING,team-E
instance-930,n1-standard-1,asia-east1,us-west1-b,ubuntu-1804,1,32,88,RUNNING,team-Y
instance-536,n1-standard-8,asia-east1,us-central1-a,windows-2019,1,16,53,RUNNING,team-Q
instance-862,e2-standard-8,europe-west2,asia-east1-b,centos-7,1,8,78,STOPPED,team-L
instance-424,n1-standard-2,europe-west1,europe-west2-c,windows-2019,3,8,31,TERMINATED,team-M
instance-789,e2-standard-2,asia-east1,europe-west2-c,windows-2019,4,32,90,TERMINATED,team-J
instance-510,e2-standard-8,europe-west2,europe-west1-b,ubuntu-1804,1,8,91,STOPPED,team-C
instance-915,e2-standard-2,us-east1,asia-east1-b,ubuntu-1804,8,4,50,TERMINATED,team-P
instance-170,n1-standard-2,asia-southeast1,asia-southeast1-a,windows-2019,8,4,99,RUNNING,team-P
instance-227,e2-standard-4,us-west1,us-east1-c,ubuntu-1804,5,2,61,STOPPED,team-E
instance-698,e2-standard-4,asia-east1,asia-southeast1-a,centos-7,7,32,78,RUNNING,team-A
instance-190,n1-standard-4,europe-west1,asia-east1-b,windows-2019,5,32,61,RUNNING,team-Q
instance-7,e2-standard-4,europe-west1,asia-southeast1-a,centos-7,5,4,20,TERMINATED,team-K
instance-675,n1-standard-2,europe-west2,us-central1-a,windows-2019,6,16,26,STOPPED,team-E
instance-734,e2-standard-8,us-west1,us-west1-b,windows-2019,5,32,34,RUNNING,team-X
instance-665,n1-standard-4,asia-east1,europe-west2-c,centos-7,3,64,39,RUNNING,team-J
instance-903,n1-standard-2,us-west1,europe-west2-c,windows-2019,3,2,32,RUNNING,team-V
instance-933,n1-standard-8,asia-southeast1,us-east1-c,ubuntu-1804,1,2,75,RUNNING,team-T
instance-295,n1-standard-2,europe-west2,europe-west1-b,centos-7,7,64,62,TERMINATED,team-R
instance-522,e2-standard-2,europe-west1,europe-west1-b,windows-2019,8,64,99,RUNNING,team-O
instance-99,e2-standard-4,europe-west1,asia-southeast1-a,centos-7,6,64,64,TERMINATED,team-K
instance-371,e2-standard-8,us-central1,asia-east1-b,centos-7,4,4,52,RUNNING,team-D
instance-969,n1-standard-2,asia-southeast1,us-east1-c,ubuntu-1804,1,2,33,RUNNING,team-N
instance-9,e2-standard-4,asia-southeast1,us-east1-c,ubuntu-1804,1,64,89,RUNNING,team-Y
instance-933,n1-standard-2,asia-southeast1,us-east1-c,centos-7,8,64,73,TERMINATED,team-K
instance-795,e2-standard-4,asia-east1,asia-southeast1-a,ubuntu-1804,1,64,62,TERMINATED,team-I
instance-43,e2-standard-4,us-central1,asia-southeast1-a,windows-2019,7,64,48,RUNNING,team-N
instance-244,e2-standard-2,us-west1,europe-west2-c,ubuntu-1804,5,2,59,RUNNING,team-J
instance-119,n1-standard-2,us-west1,us-west1-b,windows-2019,3,2,49,RUNNING,team-L
instance-319,e2-standard-4,us-central1,europe-west1-b,centos-7,3,4,39,TERMINATED,team-K
instance-290,n1-standard-1,asia-southeast1,europe-west2-c,centos-7,5,4,66,TERMINATED,team-V
instance-36,n1-standard-4,us-west1,asia-southeast1-a,centos-7,2,4,76,TERMINATED,team-W
instance-754,e2-standard-4,us-central1,asia-east1-b,centos-7,7,16,67,RUNNING,team-J
instance-143,e2-standard-2,us-central1,europe-west1-b,centos-7,2,16,69,TERMINATED,team-J
instance-135,n1-standard-4,us-east1,europe-west1-b,windows-2019,4,2,56,RUNNING,team-D
instance-613,e2-standard-8,us-central1,us-east1-c,centos-7,4,4,44,STOPPED,team-T
instance-48,n1-standard-8,us-central1,asia-southeast1-a,ubuntu-1804,6,8,82,TERMINATED,team-Z
instance-584,n1-standard-8,us-west1,asia-east1-b,centos-7,3,32,84,RUNNING,team-R
instance-556,n1-standard-1,us-west1,europe-west1-b,centos-7,5,4,70,STOPPED,team-T
instance-697,n1-standard-2,europe-west1,europe-west1-b,ubuntu-1804,2,16,89,TERMINATED,team-S
instance-853,e2-standard-8,us-east1,asia-southeast1-a,centos-7,4,4,87,TERMINATED,team-T
instance-685,e2-standard-8,europe-west2,us-west1-b,windows-2019,6,64,56,RUNNING,team-O
instance-556,n1-standard-8,asia-southeast1,us-east1-c,windows-2019,5,2,97,RUNNING,team-N
instance-125,e2-standard-4,asia-east1,asia-east1-b,windows-2019,6,16,97,STOPPED,team-F
instance-540,n1-standard-4,asia-east1,us-central1-a,windows-2019,1,8,95,RUNNING,team-V
instance-508,e2-standard-4,europe-west2,us-central1-a,centos-7,7,16,30,RUNNING,team-X
instance-6,n1-standard-8,us-east1,us-west1-b,centos-7,5,2,25,TERMINATED,team-C
instance-285,n1-standard-1,europe-west1,europe-west2-c,windows-2019,2,8,76,TERMINATED,team-X
instance-797,n1-standard-1,asia-southeast1,europe-west2-c,ubuntu-1804,6,16,86,STOPPED,team-H
instance-583,n1-standard-8,asia-east1,europe-west1-b,centos-7,3,64,66,STOPPED,team-L
instance-669,e2-standard-8,us-west1,us-central1-a,windows-2019,6,64,48,RUNNING,team-K
instance-267,e2-standard-2,asia-east1,asia-east1-b,centos-7,7,64,60,RUNNING,team-Y
instance-49,e2-standard-4,asia-east1,europe-west1-b,centos-7,7,32,40,STOPPED,team-A
instance-13,n1-standard-1,europe-west1,us-west1-b,centos-7,4,64,51,STOPPED,team-U
instance-942,n1-standard-2,asia-east1,us-central1-a,ubuntu-1804,5,16,60,TERMINATED,team-V
instance-845,n1-standard-1,europe-west2,asia-southeast1-a,ubuntu-1804,6,64,60,RUNNING,team-B
instance-248,e2-standard-8,us-east1,europe-west2-c,ubuntu-1804,4,2,93,TERMINATED,team-U
instance-498,n1-standard-8,europe-west2,us-east1-c,ubuntu-1804,7,4,55,STOPPED,team-Y
instance-909,e2-standard-8,us-central1,asia-southeast1-a,centos-7,6,4,43,TERMINATED,team-G
instance-649,n1-standard-1,europe-west1,asia-east1-b,centos-7,6,64,70,STOPPED,team-Q
instance-648,n1-standard-4,us-west1,asia-southeast1-a,centos-7,6,2,99,TERMINATED,team-F
instance-187,e2-standard-8,us-east1,europe-west2-c,ubuntu-1804,7,8,27,STOPPED,team-H
instance-219,e2-standard-2,us-central1,asia-east1-b,centos-7,2,32,33,RUNNING,team-T
instance-692,n1-standard-4,europe-west2,us-west1-b,windows-2019,1,2,72,RUNNING,team-E
instance-193,e2-standard-2,us-west1,us-east1-c,windows-2019,6,64,77,TERMINATED,team-F
instance-893,n1-standard-8,us-central1,asia-east1-b,windows-2019,5,8,87,TERMINATED,team-F
instance-604,e2-standard-8,europe-west2,asia-southeast1-a,ubuntu-1804,5,64,26,RUNNING,team-S
instance-36,n1-standard-1,asia-southeast1,asia-east1-b,ubuntu-1804,3,64,81,STOPPED,team-X
instance-702,n1-standard-1,asia-east1,europe-west2-c,centos-7,7,2,52,STOPPED,team-R
instance-637,e2-standard-8,europe-west1,us-central1-a,centos-7,5,8,89,TERMINATED,team-F
instance-924,n1-standard-8,asia-southeast1,europe-west2-c,windows-2019,3,4,65,TERMINATED,team-C
instance-821,e2-standard-4,asia-east1,us-west1-b,ubuntu-1804,3,4,97,TERMINATED,team-I
instance-774,n1-standard-8,us-west1,europe-west2-c,centos-7,7,32,81,STOPPED,team-M
instance-937,e2-standard-2,us-east1,europe-west1-b,windows-2019,1,64,75,TERMINATED,team-E
instance-901,n1-standard-2,us-east1,europe-west1-b,windows-2019,1,8,40,STOPPED,team-M
instance-520,e2-standard-2,asia-east1,us-west1-b,centos-7,1,32,24,STOPPED,team-Y
instance-803,e2-standard-8,europe-west2,us-west1-b,windows-2019,2,8,96,STOPPED,team-D
instance-11,n1-standard-1,us-east1,europe-west1-b,centos-7,3,16,41,STOPPED,team-B
instance-841,e2-standard-8,europe-west2,us-west1-b,windows-2019,4,16,73,RUNNING,team-I
instance-860,n1-standard-8,us-central1,europe-west1-b,ubuntu-1804,8,2,92,RUNNING,team-O
instance-509,n1-standard-2,europe-west2,asia-east1-b,centos-7,1,2,41,TERMINATED,team-C
instance-489,n1-standard-1,asia-east1,europe-west1-b,ubuntu-1804,1,8,89,RUNNING,team-D
instance-117,e2-standard-4,europe-west2,us-west1-b,centos-7,4,8,52,TERMINATED,team-L
instance-883,n1-standard-2,us-west1,europe-west1-b,centos-7,6,16,95,STOPPED,team-P
instance-819,n1-standard-2,us-east1,europe-west1-b,centos-7,5,2,80,RUNNING,team-Q
instance-419,e2-standard-2,europe-west2,us-east1-c,ubuntu-1804,1,64,91,TERMINATED,team-V
instance-262,n1-standard-2,europe-west2,europe-west1-b,ubuntu-1804,6,32,81,RUNNING,team-F
instance-614,n1-standard-4,asia-east1,us-central1-a,ubuntu-1804,5,2,52,STOPPED,team-Z
instance-877,e2-standard-4,europe-west2,asia-southeast1-a,ubuntu-1804,5,2,20,STOPPED,team-I
instance-437,n1-standard-4,asia-east1,europe-west1-b,centos-7,3,8,57,STOPPED,team-S
instance-905,e2-standard-8,us-west1,asia-east1-b,ubuntu-1804,6,64,86,STOPPED,team-N
instance-645,n1-standard-2,us-east1,asia-east1-b,ubuntu-1804,5,8,74,STOPPED,team-H
instance-795,n1-standard-2,europe-west2,us-east1-c,ubuntu-1804,7,8,97,RUNNING,team-J
instance-949,e2-standard-4,europe-west1,us-west1-b,centos-7,8,2,49,TERMINATED,team-T
instance-572,e2-standard-4,europe-west2,us-central1-a,ubuntu-1804,4,16,52,TERMINATED,team-J
instance-157,e2-standard-2,us-east1,europe-west2-c,ubuntu-1804,3,16,38,RUNNING,team-H
instance-405,e2-standard-8,europe-west1,asia-east1-b,windows-2019,4,4,64,RUNNING,team-U
instance-530,e2-standard-2,us-west1,europe-west2-c,windows-2019,4,32,83,RUNNING,team-P
instance-126,e2-standard-8,asia-east1,asia-east1-b,centos-7,5,16,22,STOPPED,team-Q
instance-349,n1-standard-1,asia-southeast1,asia-east1-b,ubuntu-1804,6,16,35,STOPPED,team-U
instance-319,e2-standard-4,asia-southeast1,europe-west1-b,ubuntu-1804,4,16,85,RUNNING,team-O
instance-699,n1-standard-8,europe-west2,asia-southeast1-a,ubuntu-1804,2,2,73,TERMINATED,team-K
instance-840,e2-standard-2,us-central1,asia-southeast1-a,centos-7,6,2,35,RUNNING,team-I
instance-266,e2-standard-4,asia-southeast1,europe-west2-c,centos-7,3,32,89,TERMINATED,team-Q
instance-672,e2-standard-2,europe-west1,us-east1-c,ubuntu-1804,4,8,39,STOPPED,team-N
instance-826,e2-standard-8,asia-southeast1,europe-west1-b,ubuntu-1804,5,4,23,STOPPED,team-T
instance-256,n1-standard-8,asia-southeast1,us-central1-a,ubuntu-1804,3,2,100,RUNNING,team-H
instance-720,e2-standard-8,us-west1,europe-west1-b,centos-7,3,8,51,RUNNING,team-W
instance-44,e2-standard-2,asia-southeast1,asia-southeast1-a,centos-7,1,64,95,TERMINATED,team-O
instance-460,e2-standard-4,asia-southeast1,asia-east1-b,windows-2019,5,16,46,STOPPED,team-S
instance-18,n1-standard-8,us-central1,asia-east1-b,windows-2019,3,4,48,RUNNING,team-F
instance-579,e2-standard-8,europe-west2,us-east1-c,windows-2019,7,32,99,TERMINATED,team-T
instance-655,n1-standard-4,europe-west1,asia-east1-b,ubuntu-1804,1,4,77,TERMINATED,team-A
instance-414,n1-standard-1,asia-east1,us-west1-b,windows-2019,6,8,90,STOPPED,team-H
instance-24,e2-standard-8,us-east1,europe-west2-c,windows-2019,3,8,50,RUNNING,team-L
instance-446,n1-standard-2,europe-west2,europe-west1-b,windows-2019,8,4,73,TERMINATED,team-Q
instance-810,n1-standard-8,us-central1,europe-west1-b,windows-2019,8,16,91,TERMINATED,team-U
instance-524,e2-standard-8,europe-west2,us-west1-b,windows-2019,6,16,71,RUNNING,team-M
instance-942,n1-standard-8,us-central1,asia-east1-b,windows-2019,5,2,96,STOPPED,team-T
instance-914,e2-standard-4,us-central1,asia-southeast1-a,windows-2019,2,16,56,STOPPED,team-S
instance-425,n1-standard-8,europe-west1,us-west1-b,ubuntu-1804,6,32,20,TERMINATED,team-C
instance-539,e2-standard-2,asia-east1,us-central1-a,ubuntu-1804,4,8,86,STOPPED,team-R
instance-57,n1-standard-4,us-east1,us-east1-c,ubuntu-1804,3,64,22,TERMINATED,team-F
instance-581,e2-standard-2,us-east1,us-east1-c,centos-7,8,16,66,STOPPED,team-U
instance-129,e2-standard-2,us-central1,asia-east1-b,windows-2019,2,64,25,TERMINATED,team-U
instance-794,n1-standard-8,us-west1,europe-west2-c,windows-2019,6,64,81,RUNNING,team-A
instance-124,n1-standard-8,us-central1,europe-west2-c,windows-2019,4,32,24,RUNNING,team-F
instance-833,e2-standard-2,europe-west2,europe-west2-c,windows-2019,3,16,87,RUNNING,team-O
instance-250,n1-standard-4,asia-southeast1,us-west1-b,centos-7,3,2,38,STOPPED,team-R
instance-59,n1-standard-1,europe-west2,europe-west1-b,centos-7,3,64,65,TERMINATED,team-U
instance-40,e2-standard-8,us-east1,us-central1-a,centos-7,6,16,30,STOPPED,team-M
instance-429,e2-standard-8,europe-west1,asia-east1-b,windows-2019,1,32,63,TERMINATED,team-Q
instance-512,n1-standard-8,asia-east1,us-east1-c,centos-7,3,16,28,RUNNING,team-I
instance-890,n1-standard-1,us-west1,us-west1-b,windows-2019,8,16,84,RUNNING,team-R
instance-86,n1-standard-1,us-central1,us-central1-a,windows-2019,7,32,99,RUNNING,team-F
instance-657,n1-standard-4,asia-east1,us-central1-a,windows-2019,3,2,50,RUNNING,team-D
instance-346,e2-standard-8,europe-west1,asia-east1-b,ubuntu-1804,5,8,89,RUNNING,team-P
instance-405,n1-standard-2,europe-west1,europe-west1-b,windows-2019,7,64,31,STOPPED,team-P
instance-114,n1-standard-1,us-west1,us-central1-a,windows-2019,3,16,57,RUNNING,team-B
instance-717,e2-standard-8,asia-east1,us-west1-b,centos-7,3,32,21,RUNNING,team-Y
instance-369,n1-standard-2,europe-west2,asia-east1-b,windows-2019,4,16,46,STOPPED,team-B
instance-702,n1-standard-1,us-west1,us-east1-c,ubuntu-1804,4,32,54,RUNNING,team-P
instance-822,e2-standard-8,europe-west1,asia-southeast1-a,ubuntu-1804,5,32,86,STOPPED,team-U
instance-994,e2-standard-8,europe-west1,europe-west1-b,ubuntu-1804,4,2,58,RUNNING,team-Z
instance-718,e2-standard-8,europe-west1,us-central1-a,windows-2019,8,2,33,STOPPED,team-D
instance-891,e2-standard-4,europe-west2,us-central1-a,ubuntu-1804,5,8,68,STOPPED,team-X
instance-448,e2-standard-4,us-central1,europe-west1-b,windows-2019,4,8,54,STOPPED,team-J
instance-628,n1-standard-1,us-east1,us-west1-b,ubuntu-1804,8,2,23,RUNNING,team-U
instance-783,n1-standard-1,europe-west2,asia-east1-b,ubuntu-1804,4,16,85,RUNNING,team-W
instance-242,e2-standard-8,europe-west2,us-east1-c,ubuntu-1804,2,4,38,TERMINATED,team-B
instance-54,n1-standard-4,europe-west1,asia-east1-b,windows-2019,4,32,38,RUNNING,team-T
instance-118,e2-standard-8,europe-west2,us-west1-b,windows-2019,2,64,43,STOPPED,team-R
instance-614,n1-standard-2,europe-west1,europe-west1-b,centos-7,3,16,77,STOPPED,team-E
instance-212,n1-standard-1,europe-west1,us-central1-a,windows-2019,3,8,90,STOPPED,team-Z
instance-199,e2-standard-8,europe-west1,us-east1-c,windows-2019,5,16,21,STOPPED,team-V
instance-749,n1-standard-8,us-east1,europe-west1-b,centos-7,3,8,92,STOPPED,team-W
instance-671,n1-standard-4,us-central1,us-east1-c,ubuntu-1804,7,64,89,RUNNING,team-E
instance-856,n1-standard-4,us-east1,europe-west1-b,centos-7,4,64,98,RUNNING,team-F
instance-459,e2-standard-4,europe-west2,europe-west2-c,windows-2019,4,32,65,TERMINATED,team-Y
instance-223,e2-standard-8,asia-southeast1,us-east1-c,windows-2019,5,16,46,STOPPED,team-X
instance-805,n1-standard-2,europe-west2,asia-east1-b,windows-2019,8,2,23,RUNNING,team-H
instance-617,n1-standard-8,us-west1,us-east1-c,ubuntu-1804,1,8,45,TERMINATED,team-C
instance-242,e2-standard-4,europe-west1,europe-west1-b,centos-7,3,16,68,TERMINATED,team-W
instance-739,n1-standard-8,europe-west2,us-central1-a,windows-2019,2,8,21,RUNNING,team-S
instance-584,n1-standard-4,asia-east1,europe-west1-b,ubuntu-1804,4,64,63,TERMINATED,team-O
instance-824,e2-standard-2,us-east1,us-east1-c,ubuntu-1804,2,32,37,RUNNING,team-A
instance-546,n1-standard-8,asia-east1,us-central1-a,ubuntu-1804,8,64,42,STOPPED,team-H
instance-810,e2-standard-2,europe-west2,us-east1-c,windows-2019,4,16,75,TERMINATED,team-X
instance-253,n1-standard-4,asia-southeast1,us-west1-b,centos-7,8,2,60,STOPPED,team-S
instance-655,e2-standard-2,asia-southeast1,us-west1-b,centos-7,1,16,72,TERMINATED,team-V
instance-897,n1-standard-8,us-west1,europe-west1-b,windows-2019,2,8,42,RUNNING,team-O
instance-694,e2-standard-8,us-west1,europe-west2-c,windows-2019,7,32,21,RUNNING,team-C
instance-208,n1-standard-4,us-west1,us-west1-b,windows-2019,5,2,28,TERMINATED,team-Q
instance-686,e2-standard-2,asia-east1,asia-east1-b,windows-2019,8,16,77,STOPPED,team-U
instance-31,n1-standard-8,asia-southeast1,us-east1-c,centos-7,4,4,47,STOPPED,team-O
instance-706,n1-standard-4,asia-southeast1,us-east1-c,windows-2019,4,64,94,TERMINATED,team-V
instance-18,n1-standard-4,asia-southeast1,us-east1-c,windows-2019,2,16,55,RUNNING,team-C
instance-11,e2-standard-4,asia-southeast1,asia-southeast1-a,centos-7,6,16,86,TERMINATED,team-C
instance-663,n1-standard-4,us-east1,europe-west2-c,windows-2019,3,32,21,STOPPED,team-Y
instance-164,n1-standard-1,asia-southeast1,europe-west2-c,ubuntu-1804,8,8,91,RUNNING,team-X
instance-965,n1-standard-4,us-central1,us-west1-b,windows-2019,6,8,57,STOPPED,team-O
instance-105,e2-standard-4,asia-east1,us-central1-a,windows-2019,6,4,44,TERMINATED,team-V
instance-681,n1-standard-8,europe-west1,us-east1-c,ubuntu-1804,8,16,92,STOPPED,team-S
instance-146,e2-standard-4,us-east1,us-east1-c,ubuntu-1804,8,4,69,TERMINATED,team-H
instance-676,e2-standard-2,europe-west2,us-east1-c,windows-2019,1,2,40,RUNNING,team-M
instance-26,n1-standard-8,europe-west1,us-west1-b,ubuntu-1804,1,2,36,TERMINATED,team-U
instance-497,e2-standard-4,us-east1,us-east1-c,centos-7,4,16,34,STOPPED,team-J
instance-783,n1-standard-8,asia-southeast1,europe-west2-c,centos-7,3,4,76,TERMINATED,team-A
instance-236,e2-standard-4,us-west1,europe-west1-b,windows-2019,3,16,99,STOPPED,team-M
instance-144,e2-standard-4,us-east1,asia-southeast1-a,windows-2019,7,64,37,RUNNING,team-Z
instance-207,e2-standard-4,us-west1,europe-west1-b,ubuntu-1804,8,2,76,RUNNING,team-T
instance-555,e2-standard-4,us-west1,us-east1-c,centos-7,3,8,45,STOPPED,team-G
instance-911,n1-standard-2,us-west1,asia-east1-b,ubuntu-1804,2,32,24,RUNNING,team-U
instance-617,n1-standard-2,us-central1,us-central1-a,centos-7,6,32,20,STOPPED,team-W
instance-280,n1-standard-2,us-central1,us-central1-a,centos-7,1,64,53,STOPPED,team-I
instance-286,n1-standard-2,us-east1,us-central1-a,centos-7,5,32,47,TERMINATED,team-L
instance-981,e2-standard-8,us-west1,us-east1-c,windows-2019,5,2,87,RUNNING,team-L
instance-32,n1-standard-8,us-west1,us-west1-b,windows-2019,1,8,50,RUNNING,team-U
instance-528,n1-standard-4,asia-southeast1,asia-east1-b,ubuntu-1804,2,16,24,TERMINATED,team-N
instance-169,e2-standard-4,us-east1,asia-southeast1-a,ubuntu-1804,8,8,37,TERMINATED,team-Q
instance-260,e2-standard-2,asia-southeast1,us-west1-b,windows-2019,8,64,100,STOPPED,team-A
instance-248,n1-standard-2,europe-west1,europe-west1-b,windows-2019,5,2,60,RUNNING,team-N
instance-968,n1-standard-8,asia-southeast1,us-east1-c,windows-2019,6,8,78,TERMINATED,team-M
instance-963,e2-standard-4,europe-west1,europe-west1-b,windows-2019,4,16,54,STOPPED,team-Z
instance-999,n1-standard-2,us-west1,europe-west1-b,windows-2019,8,16,33,STOPPED,team-R
instance-659,e2-standard-8,us-west1,us-east1-c,centos-7,8,2,75,RUNNING,team-P
instance-808,e2-standard-2,us-east1,us-west1-b,ubuntu-1804,3,32,72,RUNNING,team-H
instance-305,e2-standard-4,asia-southeast1,europe-west1-b,ubuntu-1804,5,32,76,STOPPED,team-Y
instance-991,e2-standard-4,asia-east1,us-west1-b,ubuntu-1804,4,16,27,STOPPED,team-E
instance-137,n1-standard-4,us-central1,europe-west2-c,ubuntu-1804,1,64,26,STOPPED,team-R
instance-976,n1-standard-8,europe-west2,europe-west1-b,centos-7,4,2,75,STOPPED,team-X
instance-753,e2-standard-8,us-east1,asia-east1-b,windows-2019,7,8,35,STOPPED,team-W
instance-590,e2-standard-4,us-east1,us-central1-a,ubuntu-1804,8,8,58,STOPPED,team-K
instance-538,e2-standard-2,asia-southeast1,europe-west1-b,windows-2019,8,32,49,STOPPED,team-S
instance-100,n1-standard-1,us-west1,europe-west1-b,centos-7,6,8,98,STOPPED,team-V
instance-467,n1-standard-4,europe-west2,us-central1-a,windows-2019,4,4,30,RUNNING,team-G
instance-470,n1-standard-8,asia-east1,us-east1-c,ubuntu-1804,7,32,56,STOPPED,team-T
instance-565,n1-standard-4,us-central1,asia-east1-b,centos-7,7,32,27,RUNNING,team-H
instance-25,e2-standard-8,asia-southeast1,us-west1-b,centos-7,1,2,36,TERMINATED,team-V
instance-94,e2-standard-2,europe-west2,us-west1-b,ubuntu-1804,7,64,80,TERMINATED,team-I
instance-133,e2-standard-2,europe-west2,us-central1-a,centos-7,3,64,81,RUNNING,team-W
instance-412,e2-standard-8,us-east1,europe-west2-c,windows-2019,2,2,58,RUNNING,team-C
instance-729,n1-standard-1,us-west1,europe-west1-b,windows-2019,2,32,97,RUNNING,team-F
instance-362,n1-standard-1,us-central1,us-central1-a,windows-2019,4,32,45,RUNNING,team-H
instance-430,n1-standard-4,us-central1,europe-west2-c,windows-2019,3,64,32,RUNNING,team-G
instance-457,n1-standard-1,asia-southeast1,us-central1-a,windows-2019,7,2,78,TERMINATED,team-Y
instance-299,n1-standard-1,asia-southeast1,us-east1-c,windows-2019,5,16,50,RUNNING,team-N
instance-660,n1-standard-2,asia-southeast1,us-central1-a,ubuntu-1804,4,32,21,TERMINATED,team-E
instance-414,n1-standard-1,asia-east1,asia-southeast1-a,windows-2019,4,64,56,STOPPED,team-R
instance-900,e2-standard-2,us-central1,us-west1-b,windows-2019,6,8,83,TERMINATED,team-A
instance-487,e2-standard-8,asia-southeast1,us-east1-c,windows-2019,6,4,91,STOPPED,team-C
instance-786,e2-standard-8,asia-southeast1,us-east1-c,centos-7,7,2,92,STOPPED,team-B
instance-192,n1-standard-4,asia-east1,us-central1-a,centos-7,1,2,56,STOPPED,team-D
instance-100,n1-standard-1,us-central1,us-east1-c,windows-2019,4,2,82,RUNNING,team-K
instance-326,n1-standard-1,us-central1,us-west1-b,ubuntu-1804,7,16,56,TERMINATED,team-B
instance-57,e2-standard-8,europe-west2,us-west1-b,windows-2019,6,64,35,RUNNING,team-K
instance-649,n1-standard-4,europe-west1,us-east1-c,ubuntu-1804,4,32,68,RUNNING,team-O
instance-305,e2-standard-8,europe-west1,asia-east1-b,ubuntu-1804,4,2,23,STOPPED,team-L
instance-92,n1-standard-1,us-west1,asia-southeast1-a,ubuntu-1804,5,8,78,STOPPED,team-F
instance-434,n1-standard-4,asia-southeast1,europe-west1-b,ubuntu-1804,4,4,26,TERMINATED,team-D
instance-266,n1-standard-1,asia-east1,europe-west1-b,centos-7,6,16,59,RUNNING,team-K
instance-119,n1-standard-4,us-central1,us-west1-b,ubuntu-1804,4,64,38,TERMINATED,team-R
instance-569,e2-standard-8,asia-east1,asia-east1-b,centos-7,2,32,92,STOPPED,team-M
instance-897,n1-standard-4,us-central1,asia-east1-b,windows-2019,8,8,89,STOPPED,team-B
instance-910,n1-standard-1,europe-west2,us-west1-b,windows-2019,2,2,61,TERMINATED,team-T
instance-584,e2-standard-4,us-east1,europe-west1-b,centos-7,4,32,56,TERMINATED,team-Z
instance-137,n1-standard-8,us-central1,us-east1-c,windows-2019,6,16,79,RUNNING,team-J
instance-99,n1-standard-1,us-central1,us-east1-c,centos-7,1,64,73,RUNNING,team-K
instance-818,n1-standard-1,europe-west2,europe-west1-b,windows-2019,5,16,49,TERMINATED,team-X
instance-257,e2-standard-4,us-central1,us-central1-a,windows-2019,6,8,60,TERMINATED,team-W
instance-674,e2-standard-2,us-west1,us-central1-a,ubuntu-1804,7,4,100,RUNNING,team-O
instance-175,e2-standard-4,europe-west2,europe-west2-c,ubuntu-1804,3,64,82,STOPPED,team-M
instance-793,n1-standard-2,us-east1,asia-southeast1-a,centos-7,8,4,76,TERMINATED,team-U
instance-760,n1-standard-2,europe-west2,asia-southeast1-a,windows-2019,3,8,64,TERMINATED,team-Q
instance-333,n1-standard-2,asia-southeast1,europe-west1-b,ubuntu-1804,2,4,73,RUNNING,team-C
instance-260,n1-standard-2,us-east1,europe-west1-b,centos-7,4,64,72,RUNNING,team-U
instance-995,n1-standard-8,us-east1,us-central1-a,windows-2019,5,8,25,STOPPED,team-F
instance-108,n1-standard-2,europe-west2,us-east1-c,ubuntu-1804,4,64,20,TERMINATED,team-J
instance-72,e2-standard-4,us-west1,europe-west1-b,centos-7,1,4,59,RUNNING,team-B
instance-467,e2-standard-8,us-west1,us-west1-b,centos-7,3,64,88,TERMINATED,team-E
instance-464,e2-standard-4,us-west1,europe-west2-c,ubuntu-1804,3,32,24,STOPPED,team-I
instance-186,n1-standard-4,us-west1,us-west1-b,ubuntu-1804,6,8,92,TERMINATED,team-E
instance-744,n1-standard-4,europe-west2,us-east1-c,ubuntu-1804,1,64,43,STOPPED,team-R
instance-605,e2-standard-2,us-east1,asia-southeast1-a,windows-2019,2,64,67,TERMINATED,team-U
instance-376,n1-standard-1,europe-west2,europe-west1-b,ubuntu-1804,1,8,33,STOPPED,team-Z
instance-642,n1-standard-4,us-west1,europe-west1-b,centos-7,8,64,58,RUNNING,team-U
instance-567,n1-standard-4,asia-east1,us-central1-a,ubuntu-1804,6,64,64,TERMINATED,team-Q
instance-239,n1-standard-4,europe-west1,us-west1-b,ubuntu-1804,7,8,80,STOPPED,team-V
instance-970,n1-standard-1,asia-southeast1,asia-southeast1-a,windows-2019,4,2,39,TERMINATED,team-L
instance-469,n1-standard-8,us-central1,us-west1-b,ubuntu-1804,7,4,24,RUNNING,team-M
instance-173,n1-standard-8,us-west1,asia-southeast1-a,centos-7,7,16,81,STOPPED,team-K
instance-150,n1-standard-8,us-west1,us-west1-b,centos-7,5,2,26,STOPPED,team-T
instance-733,e2-standard-4,us-east1,europe-west2-c,windows-2019,8,2,58,STOPPED,team-B
instance-530,n1-standard-2,asia-southeast1,europe-west2-c,windows-2019,1,64,57,RUNNING,team-T
instance-116,n1-standard-2,europe-west2,europe-west2-c,ubuntu-1804,1,32,90,RUNNING,team-L
instance-63,e2-standard-4,us-central1,us-west1-b,ubuntu-1804,5,32,37,STOPPED,team-W
instance-881,e2-standard-4,asia-southeast1,europe-west1-b,ubuntu-1804,4,16,34,TERMINATED,team-Q
instance-595,n1-standard-8,us-central1,europe-west1-b,windows-2019,5,16,64,TERMINATED,team-F
instance-814,e2-standard-8,asia-southeast1,asia-southeast1-a,windows-2019,7,32,58,STOPPED,team-X
instance-518,e2-standard-4,europe-west1,asia-east1-b,windows-2019,8,8,40,TERMINATED,team-M
instance-443,e2-standard-2,asia-southeast1,us-east1-c,centos-7,5,2,55,STOPPED,team-T
instance-548,n1-standard-1,us-west1,europe-west2-c,centos-7,2,32,84,STOPPED,team-N
instance-607,n1-standard-1,asia-east1,us-central1-a,ubuntu-1804,8,16,55,RUNNING,team-B
instance-133,n1-standard-2,asia-southeast1,us-central1-a,windows-2019,5,32,37,STOPPED,team-W
instance-53,n1-standard-8,asia-east1,asia-east1-b,ubuntu-1804,8,64,86,RUNNING,team-Y
instance-252,n1-standard-1,europe-west1,asia-east1-b,windows-2019,2,64,86,STOPPED,team-W
instance-204,n1-standard-1,europe-west2,us-west1-b,windows-2019,8,16,48,TERMINATED,team-T
instance-937,n1-standard-4,europe-west2,us-west1-b,centos-7,1,16,21,TERMINATED,team-Q
instance-762,n1-standard-1,europe-west1,europe-west1-b,windows-2019,1,32,48,STOPPED,team-N
instance-443,n1-standard-4,asia-east1,europe-west2-c,ubuntu-1804,3,16,51,TERMINATED,team-V
instance-736,n1-standard-8,us-central1,us-west1-b,centos-7,6,2,65,RUNNING,team-Y
instance-4,n1-standard-1,us-central1,us-west1-b,centos-7,6,8,69,TERMINATED,team-L
instance-882,n1-standard-1,us-east1,asia-east1-b,centos-7,6,64,27,STOPPED,team-B
instance-214,n1-standard-2,europe-west2,asia-east1-b,windows-2019,2,2,87,RUNNING,team-P
instance-374,n1-standard-1,us-east1,us-central1-a,centos-7,2,32,30,RUNNING,team-Q
instance-656,e2-standard-2,us-central1,europe-west1-b,ubuntu-1804,8,8,100,TERMINATED,team-U
instance-596,n1-standard-8,us-central1,europe-west1-b,ubuntu-1804,3,8,34,RUNNING,team-O
instance-776,e2-standard-2,us-east1,us-central1-a,centos-7,6,16,80,TERMINATED,team-F
instance-83,n1-standard-2,us-central1,asia-east1-b,centos-7,4,64,34,RUNNING,team-Y
instance-823,n1-standard-2,asia-southeast1,asia-east1-b,windows-2019,4,64,70,STOPPED,team-T
instance-744,n1-standard-1,europe-west1,asia-east1-b,windows-2019,3,4,60,TERMINATED,team-Q
instance-199,n1-standard-4,us-east1,europe-west2-c,centos-7,2,4,38,STOPPED,team-E
instance-402,n1-standard-4,asia-southeast1,us-west1-b,windows-2019,5,4,48,TERMINATED,team-Q
instance-477,e2-standard-2,europe-west2,us-west1-b,ubuntu-1804,5,32,25,TERMINATED,team-M
instance-389,e2-standard-2,asia-southeast1,us-east1-c,windows-2019,3,16,21,RUNNING,team-C
instance-319,n1-standard-1,europe-west2,asia-southeast1-a,centos-7,6,16,82,TERMINATED,team-M
instance-25,n1-standard-1,europe-west1,us-west1-b,windows-2019,4,16,73,STOPPED,team-X
instance-248,n1-standard-4,europe-west2,europe-west2-c,windows-2019,2,16,68,RUNNING,team-P
instance-809,n1-standard-1,asia-east1,asia-southeast1-a,ubuntu-1804,7,2,20,STOPPED,team-B
instance-812,n1-standard-1,us-central1,us-west1-b,centos-7,4,32,41,RUNNING,team-U
instance-400,e2-standard-8,asia-east1,us-west1-b,ubuntu-1804,1,8,29,RUNNING,team-X
instance-3,n1-standard-1,europe-west2,europe-west2-c,windows-2019,7,4,44,TERMINATED,team-L
instance-896,n1-standard-1,us-central1,us-west1-b,windows-2019,4,32,30,TERMINATED,team-U
instance-894,e2-standard-2,asia-east1,europe-west2-c,ubuntu-1804,6,2,96,STOPPED,team-M
instance-472,n1-standard-2,europe-west1,us-east1-c,ubuntu-1804,8,32,59,RUNNING,team-O
instance-788,e2-standard-4,asia-southeast1,europe-west2-c,ubuntu-1804,8,32,85,RUNNING,team-Q
instance-86,n1-standard-2,us-east1,us-east1-c,ubuntu-1804,4,64,59,RUNNING,team-N
instance-724,n1-standard-8,asia-southeast1,europe-west2-c,centos-7,5,32,57,STOPPED,team-L
instance-833,e2-standard-2,asia-east1,asia-east1-b,ubuntu-1804,8,8,69,RUNNING,team-I
instance-842,n1-standard-8,us-central1,us-central1-a,windows-2019,4,16,78,RUNNING,team-C
instance-630,n1-standard-4,us-central1,europe-west2-c,windows-2019,5,2,32,STOPPED,team-G
instance-786,n1-standard-4,us-west1,us-central1-a,centos-7,5,64,26,RUNNING,team-X
instance-549,e2-standard-8,asia-southeast1,us-central1-a,centos-7,4,8,97,RUNNING,team-G
instance-570,e2-standard-2,us-east1,us-east1-c,centos-7,1,4,76,TERMINATED,team-M
instance-684,e2-standard-2,asia-southeast1,us-west1-b,centos-7,7,4,77,RUNNING,team-V
instance-219,n1-standard-2,asia-southeast1,us-east1-c,windows-2019,5,16,100,STOPPED,team-M
instance-83,n1-standard-8,us-central1,us-central1-a,ubuntu-1804,1,2,47,STOPPED,team-V
instance-92,e2-standard-2,us-east1,us-west1-b,centos-7,7,2,63,TERMINATED,team-M
instance-673,e2-standard-2,asia-east1,asia-east1-b,centos-7,6,16,93,TERMINATED,team-N
instance-262,n1-standard-2,us-central1,asia-east1-b,ubuntu-1804,7,64,33,TERMINATED,team-A
instance-984,n1-standard-4,europe-west2,europe-west1-b,ubuntu-1804,1,32,32,STOPPED,team-A
instance-199,e2-standard-8,asia-southeast1,us-east1-c,centos-7,2,8,52,STOPPED,team-N
instance-718,n1-standard-4,asia-southeast1,us-central1-a,windows-2019,5,2,50,RUNNING,team-F
instance-697,n1-standard-8,asia-southeast1,europe-west2-c,windows-2019,8,64,96,RUNNING,team-Y
instance-858,e2-standard-4,us-west1,europe-west1-b,centos-7,7,16,76,TERMINATED,team-X
instance-816,e2-standard-2,us-west1,asia-southeast1-a,windows-2019,8,32,26,TERMINATED,team-P
instance-863,n1-standard-4,us-east1,us-west1-b,windows-2019,4,2,93,TERMINATED,team-Q
instance-128,e2-standard-2,asia-east1,europe-west2-c,centos-7,4,4,73,RUNNING,team-L
instance-966,e2-standard-8,asia-east1,europe-west2-c,ubuntu-1804,1,4,67,TERMINATED,team-L
instance-266,n1-standard-1,asia-southeast1,us-west1-b,windows-2019,8,32,55,TERMINATED,team-D
instance-718,e2-standard-2,us-west1,us-west1-b,ubuntu-1804,5,64,93,TERMINATED,team-T
instance-186,n1-standard-2,europe-west2,us-west1-b,centos-7,3,4,56,STOPPED,team-Z
instance-175,n1-standard-8,us-west1,asia-east1-b,ubuntu-1804,4,2,81,TERMINATED,team-F
instance-546,n1-standard-8,europe-west1,asia-southeast1-a,windows-2019,7,64,57,RUNNING,team-A
instance-34,n1-standard-2,asia-east1,us-central1-a,windows-2019,3,2,37,TERMINATED,team-Y
